category,business name,description,detail,url
activities,THE PRESERVE AT TRILLIUM2,explore nature,explore nature,https://www.wclt.org/projects/trillium-community-forest/
activities,TRAVIS FURLANIC MUSHROOM TOURS,explore nature,mushroom tours,https://www.whidbeymushroomtours.com
activities,"JOLI FARMS QUARTER HORSES, LLC",fitness,equestrian lessons,https://joli-farms.business.site
activities,SOLID STONE BOXING LLC,fitness,fitness - boxing gym,https://www.solidstoneboxing.com
activities,"ISLAND NAUTILUS, INC.",fitness,Island Athletic Club,https://islandathleticclub.com
activities,"SOUTH ISLAND CROSSFIT, LLC",fitness,"gym, crossfit",https://www.southislandcrossfit.com
activities,"TIGER MARTIAL ARTS, LLC",fitness,martial arts studio,http://tigermartialarts.info
activities,ACE PICKLE BARN LLC,fitness,pickleball facility,https://www.whidbeypicklebarn.com
activities,PILATES COLLECTIVE LLC,fitness,pilates,https://www.pilatescollective.studio/teachers
activities,"WYLDERWEBB SANCTUARY, LLC",fitness,yoga retreat,http://www.wylderwebb.com
activities,WHIDBEY ISLAND GARDEN TOUR,gardening,annual garden tour,https://www.wigt.org
activities,"ISLAND EXPLORER, LLC",marine adventure,kayak rentals,https://www.whidbeyislandkayaking.com
activities,SARATOGA YACHT CHARTERS LLC,marine adventure,yacht charter,https://saratogayachtcharters.com
activities,SILLY DOG STUDIOS LLC2,photography,photography workshops,https://www.danieljgregory.com
activities,"USELESS BAY GOLF & COUNTRY CLUB, INC.",sports,"golf, country club",https://www.uselessbaygolf.com
activities,SCOTCH WHISKY EVENTS LLC2,tastings,scotch and whiskey tastings,https://www.scotchwhiskyevents.com
activities,THE BACKYARD WHIDBEY ISLAND,youth,gym,https://www.thebackyardwhidbey.org/
activities,FMRF LLC,youth,summer camp,https://fullmoonrisingfarm.com
activities,SOUTH WHIDBEY LITTLE LEAGUE,youth,youth,https://www.southwhidbeylittleleague.com
activities,THE HUB - YOUTH CENTRAL,youth,youth afterschool,http://www.thehubafterschool.org
activities,AMERICAN LEGION AUXILIARY SOUTH WHIDBEY 141,youth,youth baseball,https://www.legion.org/baseball/teams/2015/wa/304519
animal services,SOUTH WHIDBEY ANIMAL CLINIC,veterinary clinic,veterinarian,https://southwhidbeyac.com
animal services,WAIF ENDOWMENT FOUNDATION,animal rehoming,animal rescue,https://waifanimals.org
animal services,CRITTERS PET RESCUE FOUNDATION,animal rescue,pet supplies,https://www.whidbeycritters.com/
animal services,"CMC DOG TRAINER, LLC",dog training,,https://www.cmcdogtrainer.com
animal services,DOUBLE DOWN DOG TRAINING LLC,dog training,,https://www.doubledowndogtraining.com
animal services,PREVAIL K9 TRAINING LLC,dog training,,https://prevailk9training.com
animal services,SEVEN CEDARS DOG TRAINING LLC,dog training,,https://www.7cedarsdogtraining.com
animal services,"WHIDBEY DOG WORKS, LLC",dog training,,https://www.whidbeydogs.com/home
animal services,HOPE THERAPEUTIC RIDING PROGRAM,equestrian,"youth, horses, therapy",https://www.hopewhidbey.com
animal services,EQUESTRIAN CROSSINGS,equestrian classes,equestrian services,https://equestriancrossings.org/classes/our-classes/
animal services,WHIDBEY EQUINE MASSAGE AND BODYWORK LLC,Equine Massage and Bodywork ,equestrian services,https://www.facebook.com/whidbeyequinemassageandbodywork/
animal services,"TRICIA'S PET CARE, LLC",in-house pet sitting,pet services,https://triciaspetcare.com
animal services,OASIS FOR ANIMALS,no kill shelter,animal shelter,http://oasisforanimals.org
animal services,SALTY PAWS PET SERVICES PLLC,"pet care, beach walks",pet services,http://www.saltypawspet.services
animal services,"LOVE BUG PET MASSAGE, LLC",pet massage,pet services,https://www.lovebugpetmassage.com
animal services,"USELESS BAY ANIMAL CLINIC, PC.",veterinary clinic,veterinarian,https://www.yelp.com/biz/useless-bay-animal-clinic-freeland
animal services,ANIMAL HOSPITAL BY THE SEA LLC,veterinary hostpital,veterinarian,https://www.animalhospitalbythesea.com
animal services,GLOBAL WILDLIFE RESOURCES INC,wildlife capture (training),,https://wildlifecaptureandcare.com
arts & culture,ROB SCHOUTEN GALLERY & SCULPTURE GARDEN,art gallery,,https://www.robschoutengallery.com
arts & culture,LACHAUSSEE BLOWN GLASS LLC,blown glass,,https://www.lachausseeblownglass.com
arts & culture,WHIDBEY CHILDREN'S THEATER,children's theatre,,https://wctmagic.org
arts & culture,BACK DOOR CLAY COMMUNITY STUDIO LLC,clay center with classes,,https://whidbeyclaycenter.com
arts & culture,WHIDBEY ISLAND DANCE THEATRE,dance theatre,,https://www.widtonline.org
arts & culture,WHIDBEY ISLAND CENTER FOR THE ARTS,deepening our shared humanity and sense of belonging through art,,https://www.wicaonline.org/
arts & culture,ARTWORKS GALLERY,gallery,,https://www.artworkswhidbey.com
arts & culture,ARTISTS' COOPERATIVE OF WHIDBEY ISLAND,gallery,,http://www.whidbeyartists.com
arts & culture,MUSEO GALLERY LLC,gallery,,https://museo.cc
arts & culture,"CORMAC MCCARTHY FINE ART, LLC",gallery,,https://www.cormacpaints.art
arts & culture,CULTUS BAY GLASS LLC,gallery,,https://www.cultusbayglass.com
arts & culture,"BABS SMALL PUBLICATIONS, LLC",literary,,https://www.babsmallpublications.com/about
arts & culture,"TULIP AND HOUND PRODUCTIONS, LLC","literary arts, novels",,https://tulipandhound.com
arts & culture,JING+MIKE CO.,literary children's books and illustrations,,http://www.jingandmike.com
arts & culture,WHIDBEY LIFE MEDIA,literary publisher,,https://www.whidbeylifemagazine.org
arts & culture,OTHERWORLD CHILDREN'S MEDIA,"media production company for public broadcasting, educational media, alternative technology, and theatre.",,http://www.otherworldmedia.com
arts & culture,THE CLYDE THEATRE LLP,movie theatre,,http://theclyde.net
arts & culture,ANIMALS 24-7,news,investigative newspaper and information service reporting about humane work worldwide. ,https://www.animals24-7.org
arts & culture,THIS IS WHIDBEY,news,news,https://thisiswhidbey.com
arts & culture,"JAMES E. TENNISON ARTIST, LLC",oil paintings and watercolors,,https://www.jamestennison.com
arts & culture,SARATOGA CHAMBER ORCHESTRA,orchestra,,https://www.sowhidbey.com
arts & culture,THE SHIFTY SAILORS,performing musicians,,https://shiftysailors.net
arts & culture,VAMOLA BRAZILIAN MUSIC AND DANCE,"performing musicians, Brazilian drum and dance",,https://vamola.org
arts & culture,FRANK SPEAR PHOTOGRAPHIC ART LLC,photographic art,,https://spearphotoart.com
arts & culture,ISLAND ART GLASS LLC,retail,glass are online and retail,https://islandglassart.com
arts & culture,OUTCAST PRODUCTIONS,theatre company,,http://outcastproductions.net/
B2B services,SHINE PATHWAYS LLC,academic coaching,,https://www.shinepathways.com
B2B services,"B. HEATH GUNN, CPA, PS",accounting,,https://www.skagitvalleydirectory.com/biz/23694/gunn-b-heath-cpa
B2B services,"BALANCED TAX SOLUTIONS, INC.",accounting,,https://balancedtax.solutions
B2B services,VISTA LABORATORY SERVICES LLC,antibody and materials for lateral flow rapid tests,,https://vistalaboratoryservices.com
B2B services,"STERLING ESTATE SERVICES, LLC","appraiser, personal property",,https://www.sterlingestateservices.com
B2B services,"JAMES M. PAULSON, PROFESSIONAL CORPORATION",arbitration,,http://www.jmpaulson.com/index.html
B2B services,"ANTHONY W. DOUGHERTY INC., P.S.",attorney,,https://www.awdlawoffices.com
B2B services,"ARNDT & WALKER, ATTORNEYS AT LAW LLC",attorney,,http://kawlawyers.com
B2B services,"LAW OFFICE OF JAMES L CARBONE, PLLC",attorney,,https://www.skagitvalleydirectory.com/biz/28307/carbone-james-pllc-law-office-of
B2B services,"LAW OFFICES OF ANDREW F SCOTT AND ASSOCIATES, PLLC",attorney,,https://afscottlaw.com/freeland-wa-lawyer/
B2B services,"PALADIN PARTNERS I, LLC",B2B Consulting Services,executive coach,https://janismachala.com
B2B services,"PARALLAX CONSULTING, INC. NW",B2B Consulting Services,executive coach,https://parallaxconsulting.com
B2B services,"LAURA SOUTHARD CONSULTING, LLC",B2B Consulting Services,"human resources strategy, planning and operational support to organizations and businesses with a special emphasis on embedding equity, diversity and inclusion into the design and delivery of programs, policies and practices.  ",https://www.southardhr.com
B2B services,"LAKEMONT CONSULTING GROUP, INC.",B2B Consulting Services,IT consulting,https://lakemontconsulting.com/index.php
B2B services,SOURCING THE WAY INC.,B2B Consulting Services,leadership coaching,https://sourcingtheway.com
B2B services,MAKETA WILBORN CONSULTING LLC,B2B Consulting Services,leadership facilitator,https://www.maketawilborn.com/index.php
B2B services,"SUMMIT24, LLC",B2B Consulting Services,"marketing strategy, business strategy",https://www.summit24.com
B2B services,BLACK DOG BLACK CAT LLC,B2B Consulting Services,mgmt consulting,https://blackdogblackcat.com
B2B services,SOUND BUSINESS STRATEGIES LLC,B2B Consulting Services,mgmt consulting,https://soundbusinessstrategies.com
B2B services,CONNECTS MARKETING GROUP INC,B2B Consulting Services,mgmt consulting B2B,https://connectsgroup.com
B2B services,"CURTIS MYERS, LLC",B2B Consulting Services,retail management services,https://www.myersgroupllc.com
B2B services,"EAGLES EYE CONSULTANTS, LLC",B2B Consulting Services,security consulting,http://www.eagleseyeconsultants.com/home.html
B2B services,NEW HARMONY STATISTICAL CONSULTING LLC,B2B Consulting Services,statistician,https://newharmonystats.com
B2B services,CAIRN FINANCIAL INC.,B2B Consulting Services,wealth mgmt,https://www.cairnfinancial.com
B2B services,"TENNISON FILMS, LLC",brand films,,https://www.tennisonfilms.com
B2B services,"ASH CONSULTING GROUP, LLC",consulting,,https://www.hagbergconsulting.com
B2B services,"KALAKALA CO. ANIMATION, LLC",creative content creation,,https://kalakala.co
B2B services,WHIDBEY CREATIVE LLC,digital marketing,branding,https://www.whidbeycreative.com
B2B services,GB PRODUCTIONS LLC,digital services,"creative agency for web, mobile and logo design",https://gbpro.net
B2B services,ROSENKRANZ PRODUCTIONS INC.,digital services,digital content creation,https://rosenkranzproductions.com
B2B services,RHIZOME DESIGN INC.,digital services,digital content creation and implementation services,https://rhizomecollaborative.com
B2B services,"FUSIONSPARK MEDIA, SPC",digital services,"marketing, content, design",http://www.fusionspark.com
B2B services,"SUITESPOT CONSULTING, LLC",digital services,"Netsuite, oracle",https://www.suitespotconsulting.com
B2B services,MOUNTAINS TO SOUND MARKETING LLC,digital services,"SEO, marketing",https://mountainstosoundmarketing.com
B2B services,"ARTIFACT TECHNOLOGIES, INC.",digital services,,https://www.artifacttech.com/index.html
B2B services,"UST TRAINING, INC.","driver training, class A, B and C UST",,https://usttraining.com
B2B services,"FROSTY HOLLOW ECOLOGICAL RESTORATION, INC.",ecology specialists,ecological restoration,https://www.landcan.org/local-resources/Frosty-Hollow-Ecological-Restoration/57560/
B2B services,"SAFE RIDE NEWS PUBLICATIONS, LLC",educational publisher,,https://www.saferidenews.com
B2B services,SEINERGY LLC,energy conservation for indoor growers and technical advisor to utility companies,,https://seinergy.com/about-us/
B2B services,"DIAMONDBACK TECHNOLOGY, INC.",engineering,bulk material handling,https://diamondbacktechnology.com
B2B services,"THE HYDRODYNAMICS GROUP, LLC",experienced in the development of groundwater resources and deep geological energy storage projects.,,http://hydrodynamics-group.com
B2B services,CATALYST FILM CONSULTING INC,film,,https://www.catalystfilmconsulting.com
B2B services,HONESTLY BOOKKEEPING INC,financial services,bookkeeping,https://honestlybookkeepinginc.com
B2B services,DCA TAX PLANNING LLC,financial services,"cpa, tax planning",https://whidbeycpa.com
B2B services,KK  FINANCIAL SOLUTIONS LLC,financial services,financial advisor,https://www.kkfinancialsolutions.us
B2B services,"FULTON FINANCIAL CONSULTANTS, INC.",financial services,financial services and consulting,https://www.fultonfinancial.com
B2B services,"J.JOHNSON INSURANCE, LLC",financial services,"health insurance, life, employee",https://www.jjinshealthchoices.com
B2B services,JM TAX SERVICES LLC,financial services,individual and corporate tax returns,https://www.jmtaxservices.com
B2B services,ATOMIC OTTER LLC,full service for SBs,,https://atomicotter.com
B2B services,"ISLE OF ART, INC.","gifts, printing services","design, print",https://featherandfoxprintco.com
B2B services,"CK GRAPHIC DESIGN, LLC",graphic design,,https://ckgraphicdesign.com
B2B services,"AYURVEDA ARTS, LLC",health,,https://www.facebook.com/p/Ayurveda-Arts-100067023071271/?paipv=0&eav=AfYgQX99mjdUwv0PyCJFv9jYhyGQo3RME3Gh6QNKPLb4j57T0iAkLCwjQ2HgzEt9cn4&_rdr
B2B services,LIMINA LLC,home funeral guide,,https://lucindaherring.com
B2B services,"SP INDUSTRIAL LUBRICATION & AIR, LLC",Industrial Lubrication and Compressed Air Systems,,https://www.spi-airlube.com
B2B services,TECHCADIA LLC,IT,,https://github.com/Techcadia
B2B services,BUOY IT SOLUTIONS LLC,IT services and consulting,,https://www.buoyitsolutions.com
B2B services,LEEDS CONSULTING GROUP LLC,lead generation,,https://leedscg.com
B2B services,ANANDA VALENZUELA LLC,leadership,,https://anandavalenzuela.org
B2B services,"BEST PRACTICE, INC COACHING ",leadership,,https://bestpracticeinc.com
B2B services,QUANTUM EDGE LLC,leadership consulting,,https://quantumedge.org
B2B services,ETI CONSULTING LLC,management consulting,environmental stewardship,http://www.etitrain.com
B2B services,"EXPERIENTIAL CONSULTING, LLC",management consulting,risk management for outdoor programs,https://www.outdoorrisk.com
B2B services,NICHOLS MARINE SERVICES LLC,marine,consulting for new vessel construction,https://www.nicholsms.com/index.html
B2B services,KINGSPOKE MARINE SURVEYING LLC,marine,marine surveyor,https://kingspokemarine.com
B2B services,"SAFE SHOP TOOLS, LLC",marine tools,rigging tools,http://www.safeshop.com/index.html
B2B services,ABI TSCHETTER,marketing services,marketing agency,https://www.abitschetter.com
B2B services,"TRISTAN J CARNEY, LLC",marketing services,marketing agency,https://tristanjcarney.co/
B2B services,SERPCO LLC,marketing services,marketing agency,https://serp.agency
B2B services,"SIBYL DESIGN, INC.",marketing services,marketing agency,https://www.sibyl.com/#filter=.home
B2B services,KAELA ANN INCORPORATED,marketing services,print design,https://www.kaylaanncreative.com
B2B services,"DIVERSE DESIGN, LLC",marketing services,web design,https://diversedesign.net
B2B services,"PRODIGY HEALTH INSURANCE SERVICES, LLC",medical stop-loss coverage in all 50 states to self-funded employers with 51 or more employees.,,https://prodigystoploss.com
B2B services,"VISTA DIAGNOSTICS INTERNATIONAL, LLC",medical: rapid diagnostic test development,,https://vistadx.net
B2B services,"ANDS, LLC",nursing certifications,,https://www.andsconsulting.com
B2B services,"TAYLOR PENSION ADMINISTRATION, LLC",pension administration,,https://www.taylorpension.com
B2B services,"SOLARIS IMAGES, INC.",photography,"authentic, compelling images of people, industrial and architectural subjects on location for businesses, publishers and non-profits",https://www.mlharrisphotography.com
B2B services,"PHOENIX RUSSO PHOTOGRAPHY, LLC",photography,photographer,https://www.phoenixrussophotography.com
B2B services,NURSES2GO LLC,placement services for qualified Nurses,,https://www.nurses2go.com
B2B services,INVITECHANGE LLC,professional coaching,leadership training,https://www.invitechange.com
B2B services,"CYBEREVOLUTION, INC.","real-time biophysical data acquisition, processing, and display",,http://www.cyberevolution.com/index.html
B2B services,ALDERMARSH,retreats,5 acre retreat destination,https://www.aldermarsh.net
B2B services,SAVAGE SCREEN PRINTING LLC,screen printing and embroidery,,https://www.savagescreenprinting.com/index
B2B services,CHASE SCIENTIFIC LLC,"security, robotics, food production",,https://www.chase-scientific.com
B2B services,Z-PULLEY INCORPORATED,spatial software,,http://z-pulley.com/#pr
B2B services,"BDUB RELATIONS, LLC",uplift your brand,,https://bdubrelations.com
clubs and causes,ISLAND ROWING ASSOCIATION,sports,,https://islandrowing.org
clubs and causes,ALONGSIDE MINISTRIES INTERNATIONAL,advancing the Christian gospel,,https://www.alongside.org
clubs and causes,"HOME ON WHIDBEY, A COMMUNITY LAND TRUST",affordable housing on south Whidbey,,https://www.homeonwhidbey.org
clubs and causes,BALLYDIDEAN FARM SANCTUARY,"allydídean rescues, rehabilitates, and rehomes farmed animals who are unwanted, neglected, or abused",,https://ballydidean.farm/
clubs and causes,KISEKI HORSE RESCUE FOUNDATION,animal rescue,,https://www.kisekihorserescue.org
clubs and causes,THE APPLIQUE SOCIETY,applique in quilting,,https://theappliquesociety.org
clubs and causes,ISLAND SHAKESPEARE FESTIVAL,arts,,http://www.islandshakespearefest.org/
clubs and causes,NORTHWEST ART ALLIANCE,arts,,https://nwartalliance.org
clubs and causes,WHIDBEY ISLAND HOLISTIC HEALTH ASSOCIATION,association for holistic health,,https://www.wihha.com
clubs and causes,WHIDBEY AUDUBON SOCIETY,audubon society,,https://www.whidbeyaudubonsociety.org/
clubs and causes,ISLAND BEACH ACCESS,beach access,,https://www.islandbeachaccess.org/index.php
clubs and causes,WHIDBEY ISLAND BED & BREAKFAST ASSOCIATION,bed and breakfast association,,https://www.whidbeyislandbandb.com
clubs and causes,SOUTH WHIDBEY SCHOOLS FOUNDATION,building relationships between our community and schools,,https://swsfoundation.org
clubs and causes,LANGLEY MAIN STREET ASSOCIATION,business,,https://langleymainstreet.org/
clubs and causes,GREATER FREELAND CHAMBER OF COMMERCE,chamber of commerce,,https://freelandchamber.org
clubs and causes,THE LANGLEY CHAMBER OF COMMERCE,chamber of commerce,,https://visitlangley.com
clubs and causes,"CHRISTIAN SCIENCE SOCIETY, LANGLEY, WASHINGTON",Christian Science Society of South Whidbey,,https://christiansciencesouthwhidbey.com
clubs and causes,CHRISTIAN LIFE COMMUNITY CHURCH OF WHIDBEY ISLAND,Church Christian,,http://clcwhidbey.com
clubs and causes,HILLSIDE EVANGELICAL FREE CHURCH,church evangelical,,http://hillside-efc.com
clubs and causes,LANGLEY UNITED METHODIST CHURCH,church methodist,,https://langleyumc.org
clubs and causes,SOUTH WHIDBEY ASSEMBLY OF GOD,"Church, Christian",,https://www.swagchurch.com
clubs and causes,SOUTH WHIDBEY CHURCH OF CHRIST,"Church, Christian",,https://www.southwhidbeychurchofchrist.org
clubs and causes,THE CHRISTIAN AND MISSIONARY ALLIANCE CHURCH OF LANGLEY,"church, Christian",,https://icwhidbey.org
clubs and causes,"ST. AUGUSTINE'S IN-THE-WOODS EPISCOPAL PARISH, FREELAND,  WASHINGTON","church, episcopal",,https://www.staugustinesepiscopalchurch.org
clubs and causes,CALVARY CHAPEL OF WHIDBEY ISLAND,"church, evangelical",,https://www.ccwhidbey.com
clubs and causes,UNITY OF WHIDBEY,"church, Unity",,https://www.unityofwhidbey.org
clubs and causes,CLINTON COMMUNITY COUNCIL,Clinton Community Council,,https://clintoncommunitycouncil.org
clubs and causes,WHIDBY COMMUNITY HALL ASSOCIATION,community hall,,http://www.bayviewhall.org
clubs and causes,"LIVING DESIGN FOUNDATION, INC. DBA LIVING DESIGN FOUNDATION",curriculum development in education,,https://www.livingdesignfoundation.org
clubs and causes,CASCADE DACHSHUND CLUB,dachshund club,,https://www.cascadedachs.org
clubs and causes,THE WASHINGTON STATE SOCIETY OF THE NATIONAL SOCIETY OF THE DAUGHTERS OF THE AMERICAN REVOLUTION,Daughters of the American Revolution,,https://www.wadar.org
clubs and causes,ONENESS PROJECT,Dedicated to the Dances of Universal Peace,,https://onenessproject.com
clubs and causes,XENV,Defending vital ecosystems in Island County and beyond since 1989,,http://www.whidbeyenvironment.org/
clubs and causes,ORCA NETWORK,educating the public and protecting orcas and their habitat,,http://www.orcanetwork.org/
clubs and causes,GOOSEFOOT COMMUNITY FUND,essential community solutions,,https://goosefoot.org/news-events/
clubs and causes,HEALING CIRCLES LANGLEY,facilitating human connections,,https://healingcircleslangley.org
clubs and causes,AMERICAN GIN & TONIC DESIGNERS ASSOCIATION,food and beverages,,https://www.agtda.org
clubs and causes,NORTHWEST FOOD ALLIANCE INC,food secure communities,,https://northwestfoodalliance.com
clubs and causes,WHIDBEY ISLAND NOURISHES,food security and nourishment programs for youth on South Whidbey Island,,https://www.whidbeyislandnourishes.org/
clubs and causes,IMPACT TEAMS INTERNATIONAL,fundraising for children in developing Nations,,http://www.impactkids.org/index.html
clubs and causes,MEERKERK RHODODENDRON GARDENS,gardening,,http://www.meerkerkgardens.org/
clubs and causes,GENEALOGICAL SOCIETY OF SOUTH WHIDBEY ISLAND,Genealogical Society,,http://www.gsswi.org/index.shtml
clubs and causes,SOROPTIMISTS INTERNATIONAL OF SOUTH WHIDBEY ISLAND,girl empowerment,,https://soroptimistsouthwhidbey.org
clubs and causes,ROD AND GUN SAFETY EDUCATION CLUB,gun safety,,https://www.hhrodandgun.com
clubs and causes,HELPING HAND OF SOUTH WHIDBEY,"Helping Hand provides immediate financial assistance to residents of South Whidbey when basic services of life and well-being are in danger of being discontinued, and makes referrals for longer-term assistance.",,https://helpinghandofsouthwhidbey.org
clubs and causes,SALISH SEA COOPERATIVE FINANCE,"helping members align their money with their values through investing, borrowing, and financial literacy.",,https://salishseafinance.coop
clubs and causes,SOUTH WHIDBEY HISTORICAL SOCIETY,historical society,,https://southwhidbeyhistory.org
clubs and causes,HOLMES HARBOR ROD AND GUN CLUB,Holmes Harbor rod and gun club,,https://www.hhrodandgun.com
clubs and causes,"THE GIRAFFE PROJECT, INC. DBA THE GIRAFFE PROJECT","honoring compassionate risk-takers with the courage to stick their necks out for the common good, in the US and around the world.",,https://www.giraffe.org
clubs and causes,THE M-BAR-C RANCH (THE FORGOTTEN CHILDREN'S FUND),horse refuge,,https://www.facebook.com/mbcranch
clubs and causes,MOBILE TURKEY UNIT OF WHIDBEY ISLAND,human services,,https://www.mobileturkeyunit.com/
clubs and causes,MOTHER MENTORS OF WHIDBEY ISLAND,human services,,https://www.mothermentors.org
clubs and causes,THE PRESERVE AT TRILLIUM,land conservation,,https://www.wclt.org/projects/trillium-community-forest/
clubs and causes,THE LANGLEY COMMUNITY CLUB,Langley community club,,https://langleycommunityclub.wordpress.com/events/
clubs and causes,LANGLEY VILLAGE ASSOCIATION,Langley Main St,,https://langleymainstreet.org
clubs and causes,ISLAND ROOTS HOUSING,local housing,,https://islandrootshousing.org
clubs and causes,THE TRINITY LUTHERAN CHURCH OF FREELAND,Lutheran church,,https://trinitylutheranfreeland.org
clubs and causes,WHIDBEY HOMELESS COALITION,Making homelessness a brief and rare experience on Whidbey Island,,https://www.whidbeyhomeless.org
clubs and causes,FETCH,off leash dog parks,,http://www.fetchparks.org/index.html
clubs and causes,CUGOS,Open Source GIS professionals,,https://cugos.org 
clubs and causes,WHIDBEY ISLAND ORCHESTRA,orchestra,,https://www.whidbeyorchestras.org/index.html
clubs and causes,MOVING IMAGES VIDEO PROJECT,peace,,https://www.movingimages.org/index.htm
clubs and causes,SCIENCE AND SPIRIT INSTITUTE,"promote and engage in the study and uses of energy as relates to physics, medicine, spirit, and art from the perspective of the holistic divine feminine that all is connected.",,https://scienceandspirit.institute
clubs and causes,HEARTS & HAMMERS,rehabilitating houses for those in need,,http://www.heartsandhammers.com/
clubs and causes,ROTARY CLUB OF SOUTH WHIDBEY ISLAND,rotary,,https://portal.clubrunner.ca/811/
clubs and causes,ROTARY CLUB OF WHIDBEY WESTSIDE,rotary,,https://portal.clubrunner.ca/9353/
clubs and causes,SLOW FOOD WHIDBEY ISLAND,slow food,,https://slowfoodwhidbeyisland.org/
clubs and causes,WHIDBEY ISLAND FLY FISHING CLUB,sports,,https://www.wiffc.com/
clubs and causes,INTERNATIONAL STEEL SHOOTING ASSOCIATION,steel shooting,,https://www.internationalsteelshoot.com
clubs and causes,HEDGEBROOK,supporting visionary women writers,,https://hedgebrook.org/
clubs and causes,CLINTON CHAMBER OF COMMERCE,tourism,,https://discoverclintonwa.com
clubs and causes,TUSUBIRA - WE HAVE HOPE,uganda,,http://www.tusubira.org
clubs and causes,THE UNITARIAN UNIVERSALIST CONGREGATION OF WHIDBEY ISLAND,Unitarian Universalist church,,https://uucwi.org
clubs and causes,VETERANS RESOURCE CENTER,veteran resources,,https://www.whidbeyvrc.org
clubs and causes,SOUTH WHIDBEY TILTH ASSOCIATION,"we are a community of gardeners, farmers and consumers on South Whidbey Island who support good tilth–carbon-rich, living soil–as the foundation of a vibrant and biodiverse agriculture.",,https://www.southwhidbeytilth.org/events
clubs and causes,WHIDBEY ENVIRONMENTAL ACTION NETWORK,wean environmental protection,Defending vital ecosystems in Island County and beyond since 1989,https://www.whidbeyenvironment.org
clubs and causes,ISLAND ARTS COUNCIL,"WIAC fosters local artists and arts organizations through grants, fiscal management and sponsorship",,https://www.islandartscouncil.org
clubs and causes,SOUTH WHIDBEY YACHT CLUB,yacht club,,https://swyachtclub.org
clubs and causes,BABY ISLAND-SARATOGA CLUB,youth scholarships,,https://www.babyislandsaratogaclub.org/
clubs and causes,SOUTH WHIDBEY YACHT CLUB YOUTH SAILING ASSOCIATION,youth sports,,https://swyachtclub.org/learn-to-sail/
construction,"FLAT ROCK PRODUCTIONS, LLC",architect,general contractor construction,https://www.flatrockproductions.com
construction,SOUNDESIGN GROUP PLLC,architect,general contractor construction,https://www.sdg.build
construction,TAPROOT ARCHITECTS LLC,architect,general contractor construction,https://www.taproot.us
construction,TAPROOT ARCHITECTS LLC2,architect,general contractor construction,https://www.taproot.us
construction,"ISLAND ASPHALT & SITEWORK, INC.",asphalt and sitework,general contractor construction,https://www.facebook.com/islandasphalt/
construction,MOSELER CONCRETE LLC,concrete,general contractor construction,https://members.sicba.org/list/member/moseler-concrete-llc-3015
construction,"NORTH RIVER CONCRETE PUMPING, LLC",concrete pumping,general contractor construction,https://northriverconcretepumping.com/about.php
construction,"PUGET SOUND CONCRETE PUMPING SERVICES, INC",concrete pumping,general contractor construction,https://puget-sound-concrete-pumping.business.site
construction,GREG GILLES CONSTRUCTION SERVICES LLC,custom homes,general contractor construction,https://www.greggillesconstruction.com
construction,GRIZZLY BUILT HOMES LLC,custom homes,general contractor construction,https://grizzlybuilthomes.com
construction,"HEGGENES CONSTRUCTION, INC.",custom homes,general contractor construction,http://www.heggenesconstruction.com
construction,"WHIDBEY'S T&T CONSTRUCTION, INC",earthwork,general contractor construction,https://whidbeystandtconstruction.com
construction,GEOSHIP S.P.C.,eco dome homes,general contractor construction,https://www.geoship.is
construction,"JERRY BECK & COMPANY, INC.","electrical, voice and data wiring",general contractor construction,http://www.jerrybeck.com
construction,"X-SOUND ENGINEERING, INC.",engineer: civil and structural engineering firm,general contractor construction,http://www.x-soundengineering.com/home.html
construction,"SARATOGA ENVIRONMENTAL, INC.","environmental and land development services to landowners, builders, architects and real estate agents in Island County",general contractor construction,https://saratogaenv.com
construction,"SOUND SLOPE & SHORELINE, INC.",erosion control business,general contractor construction,https://soundslopeshoreline.com
construction,C&C WILKIE EXCAVATING AND LANDSCAPING LLC,excavation,general contractor construction,https://www.ccwilkie.com
construction,GREENBANK CONSTRUCTION LLC,excavation,general contractor construction,https://www.facebook.com/GREENBANKCONSTRUCTIONLLC/
construction,NETTLEBECK TRACTOR WORKS LLC,excavation,general contractor construction,https://nettlebecktractorworks.com
construction,"BLACK HORSE CONTRACTING, LLC",excavation fencing outbuildings,general contractor construction,https://www.blackhorsecontracting.com
construction,MCBRIDE FENCE INC.,fencing,general contractor construction,https://www.mcbridefenceinc.com
construction,"KHAYA WOODWORKS, LLC",fine furniture and cabinetry,general contractor construction,https://www.khayawoodworks.com
construction,TWISTING ALDERS LLC,"foundations, concrete",general contractor construction,https://twisting-alders.business.site
construction,ISLAND GAS PIPING AND STOVE INSTALLS LLC,gas piping installation,general contractor construction,https://www.islandgaspiping.com
construction,WHIDBEY GEOLOGICAL L.L.C.,"geological services, site plans",general contractor construction,https://www.whidbeygeological.com
construction,COUNTRY ROAD LLC,gravel driveways,general contractor construction,https://www.mycountryroad.com
construction,"SWIFT HANDYMAN SERVICE, LLC",handyman,general contractor construction,https://www.facebook.com/LennyisSwift/
construction,"ISLAND DUCTLESS SOLUTIONS, LLC","heat pumps, ductless",general contractor construction,https://www.islandheatpumps.com
construction,ALBERT GABELEIN CONSTRUCTION LLC,home builder,general contractor construction,https://www.facebook.com/p/Albert-Gabelein-Construction-LLC-100054659430914/?paipv=0&eav=AfbrN5VS5ndey4yUm6ZjoXWEBQ61XBO5GhVGoFlffy3RtwUUuQzI4_sZavzhmOBINsA&_rdr
construction,"FREEMAN WHEELER, LLC",home builder,general contractor construction,http://www.freemanwheelerllc.com
construction,JADE CRAFTSMAN BUILDERS LLC,home builder,general contractor construction,https://www.jadecraftsmanbuilders.com
construction,"LEROY M. BOREN CONSTRUCTION, INC.",home builder,general contractor construction,https://borenconstruction.com
construction,MASON STREVEL CONSTRUCTION LLC,home builder,general contractor construction,http://www.strevelconstruction.com
construction,"MCCLURE CUSTOM HOMES, LLC",home builder,general contractor construction,http://mcclurecustomhomes.com
construction,MICK OLSEN CORPORATION,home builder,general contractor construction,http://mickolsencorp.com/index.htm
construction,MILLER CUSTOM CONSTRUCTION LLC,home builder,general contractor construction,http://www.millercustomconstruction.com
construction,"NEXT GENERATION DESIGN & BUILD, LLC",home builder,general contractor construction,https://www.nextgenerationdandb.com/index.html
construction,"PRICE/JOHNSON CONSTRUCTION, INCORPORATED",home builder,general contractor construction,https://pricejohnson.wordpress.com
construction,"SHEARWATER CONSTRUCTION, INC",home builder,general contractor construction,https://www.shrwtr.com
construction,TANNER MCINERNEY CONSTRUCTION LLC,home builder,general contractor construction,http://www.weathersideconstruction.com
construction,THELEN CONSTRUCTION INC.,home builder,general contractor construction,https://www.thelen.construction
construction,DBBRAD LLC,"home builder, design services, remodels",general contractor construction,http://dbbrad.com/dbbrad/Home.html
construction,SCHISEL CONSTRUCTION LLC,"home builder, remodels, additions",general contractor construction,https://www.schisel.com
construction,"SPECTRUM CONSTRUCTION, INC.","home builder, remodels, additions",general contractor construction,http://spectrumwhidbey.com
construction,STELLER HOMES INC.,"home builder, remodels, tiny homes",general contractor construction,https://www.stellerhomes.com
construction,"CHRYSALIS CUSTOM BUILDERS, INC.","home building, remodels",general contractor construction,https://www.schisel.com
construction,CULVER LLC,home construction,general contractor construction,https://www.culverbuilt.com
construction,EDGY LLC,home construction,general contractor construction,https://www.soulescompany.com
construction,"EPSTEIN CUSTOM HOMES, LLC",home construction,general contractor construction,https://www.epsteincustomhomes.com
construction,"QUICKSILVER CONSTRUCTION, LLC","home construction, remodel, decks and more",general contractor construction,https://teamqsc.com/index.html
construction,CONTOUR DESIGN BUILD LLC,"home construction, remodels",general contractor construction,https://www.contourdesignbuild.com
construction,COUNTRY PLANS LLC,house plans,general contractor construction,https://www.countryplans.com
construction,ENERGYWISE DUCTLESS HEAT PUMPS LLC,"HVAC, ductless heat pumps",general contractor construction,https://www.energywisedhp.com
construction,"TMI LAND SURVEYING, INC.",land surveyor,general contractor construction,https://tmilandsurveying.com
construction,HAVEN ILLUSTRATED LLC,landscape design,general contractor construction,https://havenillustrated.com
construction,EAGLE LANDSCAPE COMPANY LLC,landscaping,general contractor construction,https://www.eaglebuildingcompany.com
construction,"CUSTOM LOGGING & SITE DEVELOPMENT, LLC",logging and excavation,general contractor construction,http://www.customloggingllc.com
construction,"RL SIMMONS CONSTRUCTION, INC.","Logging, Land Clearing & Excavation",general contractor construction,https://www.rlconstructionwhidbey.com
construction,"WHIDBEY MILLHOUSE, LLC",lumber,general contractor construction,https://www.whidbeymillhouse.com
construction,EAGLE OUTDOOR LIVING LLC,luxury outdoor kitchens and fire features,general contractor construction,https://eagleoutdoorliving.com
construction,NORTH CROSS ALUMINUM LLC,metal fabrication,general contractor construction,https://www.facebook.com/profile.php?id=100042569666012
construction,REDBARN MILLWORKS LLC,"New construction, remodels, fine cabinetry, specializing in the use of Salvage and Eco Friendly Materials",general contractor construction,https://www.redbarnmillworks.com
construction,DOW'S PAINTING INC,painting,general contractor construction,http://www.dowspainting.com
construction,WHIDBEY ISLAND PAINTING INC,painting,general contractor construction,https://whidbeyislandpaintinginc.com
construction,GARRICK PLUMBING L.L.C.,plumbing,general contractor construction,https://www.garrickplumbing.com
construction,MUTINY BAY PLUMBING LLC,plumbing,general contractor construction,https://mutinybayplumbing.net/index.html
construction,"STEVE'S SOUTHSIDE PLUMBING, L.L.C.",plumbing services,general contractor construction,https://southsideplumbingclinton.business.site/website/southsideplumbingclinton/
construction,"YOUNG ASSOCIATES PROJECT SERVICES, LTD.",project management,general contractor construction,http://www.yaprojects.com/home.html
construction,"ALL SET CONSTRUCTION, INC.",remodels,general contractor construction,https://www.facebook.com/scot.treggett.716/
construction,BIG ROCK CONSTRUCTION & REMODEL LLC,remodels,general contractor construction,https://big-rock-construction-remodel-llc.business.site
construction,CUSTOM REMODEL LLC,remodels,general contractor construction,https://www.customremodeldb.com
construction,D. BECKMAN CONSTRUCTION LLC,remodels,general contractor construction,https://dbeckmanconst.com
construction,ELEMENTAL BUILDING SERVICES LLC,remodels,general contractor construction,https://www.elementaldesignbuild.com
construction,GARY WHITCOMB LLC.,remodels,general contractor construction,https://www.customremodeldb.com
construction,"GERLACH CONSTRUCTION, INC.",remodels,general contractor construction,http://gerlachconst-inc.com
construction,OTTER BUILT LLC,remodels,general contractor construction,https://www.otterbuilt.com
construction,PLOOF LLC,remodels,general contractor construction,https://www.facebook.com/PloofLLC/
construction,"STRAKA BUILDING & REMODELING, INC.",remodels,general contractor construction,https://www.strakabuilding.com
construction,"WESTWAY REMODELING, LLC",remodels,general contractor construction,https://www.westwayremodeling.com
construction,WHIDBEY HOME REMODEL AND REPAIR LLC,remodels,general contractor construction,https://www.whidbeyhomeremodel.com
construction,WHIDBEY SOUTH WOODWORKS LLC,remodels,general contractor construction,https://whidbeysouthwoodworks.com
construction,"WOOD BEE CUSTOM CARPENTRY, L.L.C.",remodels,general contractor construction,https://www.facebook.com/profile.php?id=100064322401218
construction,"WHIDBEY TRACTOR AND CHAINSAW SERVICES, L.L.C.",road and excavation,general contractor construction,https://www.whidbeytractor.com
construction,"ISLAND ROOFING & REMODEL, LLC",roofing,general contractor construction,https://roofingwhidbey.com
construction,ISLAND CONSTRUCTION COMPANY,"roofing, decks, painting, kitchen and bath remodels, and gutters",general contractor construction,https://www.facebook.com/p/Island-Construction-Company-100057076014953/
construction,"LIVE EDGE WOODWORKS, LLC",salvaged wood and lumber,general contractor construction,http://liveedgewoodworks.com
construction,"CELTIC RISERS, INC",septic,general contractor construction,https://www.celticrisers.com
construction,GABELEIN BROTHERS SEPTIC PUMPING L.L.C.,septic,general contractor construction,https://www.gabeleinbros.com
construction,"ISLAND WATER & SEPTIC, LLC",septic,general contractor construction,https://www.bobsseptic.net
construction,SOUND SEPTIC SOLUTIONS LLC,septic,general contractor construction,https://www.soundsepticsolutionsllc.com
construction,"SOUTH ISLAND PUMPING, LLC",septic,general contractor construction,https://southislandpumping.com
construction,"CHAD SAXTON ELECTRIC, LLC","smart home, lighting, electrical",general contractor construction,https://www.saxtonelectric.net
construction,"WHIDBEY SUN & WIND, LLC","solar power, wind power",general contractor construction,http://www.whidbeysunwind.com
construction,STORMWATER FILTRATION TECHNOLOGIES COMPANY,stormwater filtration,general contractor construction,https://swfiltertech.com
construction,DUNGENESS CONSTRUCTION CORPORATION,"stormwater, paving, fencing",general contractor construction,http://www.dungenessconstruction.com/home.html
construction,CATO COMPANY LLC,"stump removal, land clearing",general contractor construction,https://www.catotreeservice.com
construction,FEATHERMARK LLC,"sustainable woodworking, small timber frame construction",general contractor construction,https://www.facebook.com/feathermark.woodwork/
construction,EDSON DESIGN LLC,tile and natural stone installation,general contractor construction,https://edsondesignllc.com
construction,AERIAL WHIDBEY LLC,general contractor construction,,https://www.aerialwhidbey.com
construction,AETHER ADVISORS LLC,general contractor construction,,https://www.aetheradvisors.com
construction,AMC FRAMING LLC,general contractor construction,,https://www.amcframingllc.com
construction,AP MECHANICAL BARTEL ACQUISITION LLC,general contractor construction,,https://www.apmechanical.net/about
construction,APOLLO DRAIN SERVICE LLC,general contractor construction,,https://www.apolloplumbing.net
construction,ARBOR DREAMS LLC,general contractor construction,,https://arbordreamstreesurgeon.com
construction,"ARCHIPELAGO CONSULTING, LLC",general contractor construction,,http://glenrpearson.com
education,CENTER FOR ONLINE SAFETY LLC,advocating for the online health and safety of children and teens,,https://www.centerforonlinesafety.com
education,"BOY SCOUT TROOP 57, SOUTH WHIDBEY ISLAND",boy scouts,,http://www.bsatroop57.com
education,"WHIDBEY ISLAND LANGUAGE, ART & STEM CENTER, LLC","childhood education, afterschool and summer programs",,https://www.wilasc.com
education,WHIDBEY WATERSHED STEWARDS,"environmental protection, education, services","promotes nearshore and watershed health by linking water, land, wildlife and people on Whidbey Island through education, research, and restoration",https://whidbeywatersheds.org
education,"KRISKA, LLC","environmental protection, education, services",stream and habitat restoration and riparian construction,https://www.kriska.org
education,WHIDBEY-CAMANO LAND TRUST,"environmental protection, education, services","The mission of the Whidbey Camano Land Trust is to actively involve the community in protecting, restoring, and appreciating the important natural habitats and resource lands that support the diversity of life on our islands and in the waters of Puget Sound.",https://www.wclt.org
education,CRU INSTITUTE,faculty training in education,,https://www.cruinstitute.org
education,ISLAND CHRISTIAN ACADEMY LLC,k-12 Christian education,,https://www.islandchristianacademy.com
education,ATLANTIS STEAM,k-12 STEAM education,,https://www.facebook.com/atlantissteam/
education,CONTEXT INSTITUTE,leadership,,https://www.context.org
education,"MARKET SQUARE EDUCATION, LLC",nationally accredited and a Washington State OSPI approved online provider,,https://marketsquare.education
education,THE WHIDBEY INSTITUTE,nurturing the conditions for transformational learning,,https://whidbeyinstitute.org
education,READINESS TO LEARN,offering assistance to teachers and parents for academic support,,https://readinesstolearn.org
education,WEEKDAYS LLC,"preschool, Montessori-based school",,https://www.whidbeypreschool.com
education,"WELLINGTON DAY SCHOOL, LLC","preschool, Montessori-based school",,https://www.thewellingtonschool.org
education,"HERITAGE LEARNING, INC.",professional development for educators,,https://www.hol.edu
education,THE EDUCATING FOR HUMANITY INSTITUTE,professional development for teachers,,https://www.hol.edu
education,THE ORGANIC FARM SCHOOL,Regenerative Learning Center,,https://organicfarmschool.org
education,SOMA INSTITUTE OF STRUCTURAL INTEGRATION LLC,soma certification,,https://www.soma-institute.org
education,FMRF LLC2,summer camp,,https://fullmoonrisingfarm.com
education,ARTISTIC ENRICHMENT LLC,waldorf homeschooling,,https://artistic-enrichment.com
education,WHIDBEY ISLAND WALDORF SCHOOL,waldorf school,,https://wiws.org
food,ISLAND ANGEL CHOCOLATES INCORPORATED,dining,chocolates,https://sweetmonas.com
food,BE SWEET LLC,dining,coffee - curbside,https://www.yelp.com/biz/be-sweet-coffee-langley
food,WHIDBEY ISLAND BAGEL FACTORY LLC,dinning,bagels,https://www.facebook.com/whidbeyislandbagelcompany/
food,OGRES BREWING LLC,dinning,brewery,https://ogresbrewing.com
food,THIRSTY CRAB BREWERY LLC,dinning,brewery and build-a-brat food truck,https://www.thirstycrabbrewery.com
food,"DOUBLE BLUFF BREWING CO., LLC",dinning,"brewery, live music",https://www.dblfbrewing.com
food,BAILEY'S CORNER,dinning,brews and burgers,https://www.baileyscornerstore.com
food,SOUTH WHIDBEY COMMONS,dinning,cafe,https://www.swcommonscafe.org
food,LILY FARMS CATERING LLC,dinning,catering,https://lilyfarmscatering.com
food,"CHINA CITY PROPERTIES I, LLC",dinning,chinese food,http://www.chinacityrestaurant.com/eat-1
food,SKEIN & TIPPLE,dinning,cocktails and yarn,https://skeinandtipple.com
food,JUPITER COFFEE LLC,dinning,coffee,https://www.instagram.com/jupitercoffeewhidbey/?hl=en
food,SALTY SEA COFFEE LLC,dinning,coffee at Clinton ferry dock,https://www.saltyseacoffee.com
food,"JET JAVA, LLC",dinning,coffee curbside,https://jetjava.com
food,CRABBY COFFEE LLC,dinning,"coffee, curbside pickup",https://crabbycoffee.org
food,BAILEY'S CORNER,dinning,dining and live music,https://www.baileyscornerstore.com
food,"WHIDBEY DOUGHNUTS, L.L.C.",dinning,donuts,https://whidbeydoughnuts.com
food,"THIRD ACT, INC.",dinning,eclectic comfort food,https://www.savoryrestaurantwhidbey.com
food,LESEDI FARM LLC,dinning,"farm to table, prepackaged meals",https://www.lesedifarm.com
food,GERI'S SNACK SHACK LLC,dinning,food truck,https://www.facebook.com/GerisSnackShack/
food,SPRINKLZ LLC,dinning,ice cream,https://sprinklz-icecream.com
food,SPRINKLZ LLC2,dinning,ice cream,https://sprinklz-icecream.com
food,SALTY SEA COFFEE LLC,dinning,Langley coffee shop,https://www.saltyseacoffee.com
food,"HIEROPHANT MEADERY, LLC.",dinning,"meadery, retail, online, tastings",https://www.hierophantmeadery.com
food,ROCKET TACO LLC,dinning,"Mexican food, fresh and authentic",https://rocket-taco.com
food,"EL CORRAL, INC.",dinning,mexican restaurant,https://www.facebook.com/ElCorralMexRest/
food,"WHIDBEY PIES, ETC. LLC",dinning,pies,https://whidbeypies.com
food,"VILLAGE PIZZERIA II, INC.",dinning,pizza,https://www.villagepizzerialangley.com
food,IKAIKA BISTRO LLC,dinning,polynesian restaurant and catering,https://ikaika-bistro.ueniweb.com
food,SCOTCH WHISKY EVENTS LLC,dinning,scotch and whiskey tastings,https://www.scotchwhiskyevents.com
food,FARE MARKET LLC,dinning,southeast asian cuisine,https://thefaremarket.com
food,"WHIDBEY ISLAND DISTILLERIES, LLC",dinning,spirits,https://www.whidbeydistillery.com
food,GREENBANK FARM WINE SHOP LLC,dinning,wine shop at Greenbank Farm,http://greenbankfarmwineshop.com
food,"VILLAGE WINE SHOP, LLC",dinning,wine tasting,https://villagewineshops.com
food,"HOLMES HARBOR CELLARS, LLC",dinning,winery,https://whidbeycamanoislands.com/activities/holmes-harbor-cellars/
food,BLOOMS 5511 LLC,dinning,winery & bistro,http://bloomswinery.com
food,"BRAEBURN EATS, LLC",dinning,,https://www.braeburnlangley.com
food,BUILD A BRAT LLC,dinning,,https://www.facebook.com/buildabrat/
food,ISLAND NOSH LLC,dinning,,https://www.islandnosh.com/index.html
food,"WHIDBEY ISLAND ALPACAS, LLC2",farm,alpacas,https://www.pronkinpastures.com
food,"SLEEPY BEE FARM, LLC",farm,"available via seasonal farm stand, Whidbey Island Grown, and Bayview Farmers Market",https://www.sleepybeefarm.com
food,GLENDALE SHEPHERD LLC,farm,"award winning cheese, yogurt lamb",https://www.glendaleshepherd.com
food,BALLYDIDEAN FARM SANCTUARY,farm,"Ballydídean rescues, rehabilitates, and rehomes farmed animals who are unwanted, neglected, or abused",https://ballydidean.farm/
food,"MUTINY BAY BLUES, LLC",farm,blueberries,https://mutinybayblues.com
food,SKYROOT FARM LLC,farm,CSA and online farmstand,http://www.skyrootfarm.com
food,"FORGET ME NOT FAMILY FARMS, L.L.C.",farm,"cut flowers, berries, produce",https://www.forgetmenotfarmswhidbey.com
food,FOXTAIL FARM LLC,farm,"cut flowers, berries, produce",https://foxtailfarmorganics.com
food,WHIDBEY ISLAND DAHLIAS LLC,farm,dahlias,https://www.whidbeydahlias.com/home
food,"AFIBERLIFE, LLC",farm,"fibers, wool",https://afiberlife.com
food,FULL CYCLE FARM LLC,farm,"flowers, vegetables",https://www.fullcyclefarm.net
food,"LONG FAMILY FARM, INC.",farm,GRASS-FED BEEF FROM MAXWELTON VALLEY ON WHIDBEY ISLAND,https://joelongfamilyfarm.com
food,12 BIRCHES FARM LLC,farm,"organic vegetables, herbs, a few flowers, and fruit",https://12birchesfarm.com
food,"FAINTING GOAT FARMS, LLC",farm,"organically-fed chicken eggs, fresh cut flowers, veggies, fruit and honey",https://www.faintinggoatfarms.com
food,NETTLE FOREST FARM LLC,farm,seasonal farmstand,https://www.nettleforestfarm.com
food,WINDY INDIGO FARM AND FIBER LLC,farm,"wool, small batch",https://windyindigo.com
food,WHIDBEY ISLAND GROWN COOPERATIVE,farm collective,food co-op,https://www.whidbeyislandgrown.com
food,ISLAND TIME COFFEE COMPANY LLC,food producer,coffee roaster,https://islandtimecoffeeco.com
food,J J ROMER COFFEE ROASTERS LLC,food producer,coffee roaster,https://www.jjromerroasters.com
food,"PRIMAL ISLAND, INC",food producer,"granola, gluten-free, grain-free",https://primalisland.com
food,BRITT'S FERMENTED FOODS LLC,food producer,online and wholesale,https://brittsfermentedfoods.com
food,"WHIDBEY PIES, ETC. LLC",food producer,pies,https://whidbeypies.com
food,SPUNKSTORE LLC,food producer,"pumpkin seeds, spicy",https://spunkstore.com/index.html
food,"CULTUS BAY DISTILLERY, LLC",food producer,tours retail,https://cultusbaydistillery.com
food,WILDLY BELOVED FOODS,food producer,wholesale pasta,https://wildlybelovedfoods.com
food,BLOOMS 5511 LLC2,food producer,winery & bistro,http://bloomswinery.com
food,BLUE DOG CATERING LLC,food services,catering,https://bluedogcatering.com
health & wellness,ISLAND HOLISTIC LLC,"a holistic approach of modalities for integration of body, mind, emotion and spirit ",,https://www.islandsoulholistic.com
health & wellness,"INSPIRE ACUPUNCTURE, PLLC",acupuncture,,https://www.inspire-acupuncture.com
health & wellness,OUR NATURE ACUPUNCTURE LLC,acupuncture,,https://www.ournatureacupuncture.com
health & wellness,HERON LAKE PRESS LLC,"alexithymia, emotion cards",,https://www.mixed-emotions.com
health & wellness,"RESONANT BOTANICALS, LLC",all natural pain relief lotions and creams,,https://resonantbotanicals.com
health & wellness,THE TOVA COMPANY,"assessment of, and evaluation of treatment for, attention deficits, including ADHD",,https://tovatest.com
health & wellness,C'EST MOI SALON LLC,beauty,hair salon,https://visitlangley.com/cest-moi-salon/
health & wellness,"RUMOURS, INC.",beauty,hair salon,http://www.rumoursaveda.net
health & wellness,"SALON BELLA, LLC",beauty,hair salon,https://salonbellawhidbey.com
health & wellness,STUDIO A INC.,beauty,hair salon,https://www.studioasaloninc.com
health & wellness,"SWEET SISTERS BODYCARE, LLC",beauty,skin and hair care,https://sweetsistersbodycare.com/welcome/about/
health & wellness,CROSBY SKIN STUDIO LLC,beauty,"skin services, hair removal",https://crosbyskinstudio.com
health & wellness,BLACK RABBIT STUDIO LLC,beauty,tatoo,https://www.instagram.com/blackrabbittattoolangley/
health & wellness,"BREATH MEDICINE BODY MIND, LLC",breath work,,https://www.breathmedicinebodymind.com
health & wellness,THE BODY PRAXIS LLC,fully customized cutting-edge brain and body fitness program for you,,https://www.thebodypraxis.com
health & wellness,BEAR NOURISHMENT LLC,health,,https://www.nutrome.net
health & wellness,WHIDBEY ISLAND CANNABIS COMPANY CULTURE LLC,health and wellness products,cannabis,http://www.whidbeyislandcannabisco.com
health & wellness,INGRID BUCHAN THERAPY PLLC,healthcare provider,ADHD and neurodivergent treatment,https://www.ingridbuchantherapy.com/#home
health & wellness,ASSIST IN A MIRACLE LLC,healthcare provider,childbirth,http://www.assistinamiracle.com
health & wellness,"CHIROPRACTIC ZONE, INC",healthcare provider,chiropractic,https://www.chirozone.net
health & wellness,"DR. ELI BENTABOU CHIROPRACTIC AND WELLNESS CENTER, LLC",healthcare provider,chiropractor,https://eli-bentabou-chiropractic-wellness-center.business.site
health & wellness,"PEAK PERFORMANCE CHIROPRACTIC CENTER, PS",healthcare provider,chiropractor,https://peakperformancechiropractic.com
health & wellness,"ASHLEY CRAWFORD, PSYD, PLLC",healthcare provider,counseling,http://www.drashleycrawford.com
health & wellness,BICOFF-SMIT COUNSELING PLLC,healthcare provider,counseling,https://www.bicoffsmitcounseling.com
health & wellness,"CARRIE POPE, MSW, LICSW, PLLC",healthcare provider,counseling,http://www.carriepopelicsw.com
health & wellness,CURACION COUNSELING PLLC,healthcare provider,counseling,https://www.curacioncounseling.com
health & wellness,"MOLLY PUTNAM COUNSELING, PLLC",healthcare provider,counseling,https://www.mollyputnam.com
health & wellness,THERAPY WITH ARDEN PLLC,healthcare provider,counseling,https://therapywitharden.com
health & wellness,"SEA LEVEL THERAPY SERVICES, PLLC",healthcare provider,counseling services,https://www.sealeveltherapy.com
health & wellness,"SAGE COUNTERSTRAIN, PLLC        LANGLEY        WA        -BIZAPEDIA -OPENGOVWA -.GOV -WASHINGTONCOMPANYSEARCH -YELP -SICBA -WHIDBEYLOCAL -DNB -OFFICIALUSA -CLUSTRMAPS",healthcare provider,Counterstrain Treatment,https://www.soundviewcenter.com
health & wellness,"KYLE FUKANO, D.D.S., PLLC",healthcare provider,dental,https://www.freelandfamilydentalwa.com/meet-the-team
health & wellness,"BRANDON L. BIEHLER, DMD, PLLC",healthcare provider,dentist,https://www.whidbeyislandsmiles.com
health & wellness,EDWARD PARK DDS PS,healthcare provider,dentist,http://langleydentalcare.com
health & wellness,"ROBERT JANGAARD, P.S.",healthcare provider,functional and naturopathic medicine,https://www.jangaardclinic.com
health & wellness,CLARITY COUNSELING,healthcare provider,"I provide couples, families, and individuals of all ages with compassionate, client-focused therapy.",http://www.claritycounseling.life
health & wellness,"METAMORPHE HEALTH CLINIC, INC. P.C.",healthcare provider,Naturopathic care,https://www.metamorphehealth.com
health & wellness,BAYVIEW VISION CLINIC INC,healthcare provider,optometry,https://www.bayviewvisionclinic.com
health & wellness,"JAMES L. COX, OPTOMETRY LLC",healthcare provider,optometry,https://doctor.webmd.com/doctor/james-cox-9e060a07-5eb5-472e-bafd-8e4f66370ff3-overview
health & wellness,"LONE LAKE PHYSICAL THERAPY, LLC",healthcare provider,physical therapy,https://www.soundviewcenter.com/llpt
health & wellness,MOVEWELL PHYSICAL THERAPY AND WELLNESS LLC,healthcare provider,physical therapy,https://www.movewell-pt.com
health & wellness,SALISH SEA PHYSICAL THERAPY LLC,healthcare provider,physical therapy,http://salishseapt.com
health & wellness,"WHIDBEY DIZZINESS & BALANCE, PLLC",healthcare provider,physical therapy,https://www.whidbeydizzy.com
health & wellness,"WHIDBEY PERFORMANCE PHYSICAL THERAPY, PLLC",healthcare provider,physical therapy,http://www.whidbeyperformancept.com
health & wellness,"SOUTH WHIDBEY PHYSICAL THERAPY AND SPORTS CLINIC, INC.",healthcare provider,physical therapy,https://southwhidbeypt.com
health & wellness,"PAUL SAMUELSON, PMHNP-BC, INC",healthcare provider,psychiatric care,https://www.whidbeyintegrativepsychiatry.com
health & wellness,TEVON DUBOIS PLLC,healthcare provider,psychiatric care,https://www.tevondubois.com/practice-information
health & wellness,"SEASIDE MENTAL HEALTH AND PSYCHIATRIC SERVICES, PLLC",healthcare provider,psychiatric services,https://www.seasidementalhealth.com
health & wellness,"DEBBARA MONROE, PH.D., PSYCHOLOGY, PLLC",healthcare provider,"psychological evaluations, testing, therapy",https://www.pnw-psych.com
health & wellness,"SAFE SEAS PSYCHOTHERAPY, PLLC",healthcare provider,psychotherapy and counseling,https://www.sound-psychotherapy.com
health & wellness,"SARAH MANCHESTER THERAPY, LLC",healthcare provider,"psychotherapy, counseling",https://sarahmanchestertherapy.com
health & wellness,"REBOOT CENTER FOR INNOVATIVE MEDICINE, PLLC",healthcare provider,restorative care,https://rebootcenter.com
health & wellness,SOJOURN FAMILY CARE LLC,healthcare provider,"RN, newborn and postpartum services",https://www.sojournfamilycare.com
health & wellness,"JESS JARRIS, PLLC",healthcare provider,somatic counseling,https://www.jessjarris.com
health & wellness,"WATER'S EDGE FAMILY PRACTICE & WELLNESS CENTER, LLC",healthcare provider,women's health,https://www.watersedgewellnesscenter.com
health & wellness,SILLY DOG STUDIOS LLC,herbalism,,https://www.ritualmischief.com
health & wellness,DOUBLE DIAMOND BODYWORK AND MASSAGE PLLC,massage,massage therapist,http://doublediamondbodywork.com
health & wellness,"KRISTINE LEIGH O'KELLY BSW, LMP LLC",massage,massage therapist,https://dancingtreehealingandmassage.amtamembers.com
health & wellness,SAFALAB INC.,nutritional supplements,,https://safalab.com
health & wellness,ETERNAL WELLNESS LLC,"pilates, zumba, dance",,https://www.eternalwellness.life
health & wellness,RECONNECTIVE THERAPY INCORPORATED,ReConnective Therapy ,,https://www.reconnectivetherapy.com
health & wellness,MOON HOUSE REIKI LLC,Reiki,,https://www.moonhousereiki.com
health & wellness,TRANSFORMATIONAL TOOLS LLC,spiritual guide and teachings,,https://transformationaltools.com
health & wellness,BETTER BALANCE LLC,wellness yoga,,http://www.betterbalance.us
health & wellness,WYMO LLC,yoga retreat,,http://www.wylderwebb.com
health & wellness,KULA YOGA & WELLNESS LLC,yoga studio,,http://kulayogawhidbey.com
health & wellness,MEG GLUCKMAN COACHING LLC,co-parenting and post divorce support,,https://www.meggluckman.com
health & wellness,SOUTH WHIDBEY GOOD CHEER,food bank,,https://goodcheer.org
health & wellness,ADAM BEAR HEALING ARTS LLC,healing arts,,https://www.cosmicmanbear.com
home and garden,IDIGITAL LLC,audio/video installations,,https://www.whidbey-av.com
home and garden,MUTINY BAY BAMBOO CO L.L.C.,bamboo privacy screens,,https://www.facebook.com/p/Mutiny-Bay-Bamboo-Co-100063534670413/?paipv=0&eav=AfblFZ3SduVYZzBcG2NHkawGKzJsG8COf958Z-Kv1zL_V9wxT94luFw_BrZVnwmKa_s&_rdr
home and garden,POSSESSION POINT WOODWORKING LLC,fine furniture and cabinetry,,http://possessionwood.com
home and garden,RAINY DAY FLORA LLC,garden design and installation,,https://www.rainydayflora.com
home and garden,WHIDBEY HOME WATCH LLC,home maintenance,,https://www.hwwhidbey.com
home and garden,ART OF SOIL LLC,landscape design,,http://www.artofsoil.com
home and garden,PACIFIC LANDSCAPES OF WHIDBEY INC.,landscape design,,https://www.pacificlandscapesofwhidbey.com
home and garden,"THE GROUNDS PROFESSIONALS, INC.",landscaping,,https://thegroundspro.com
home and garden,WATERS EDGE LANDSCAPES LLC,landscaping,,https://watersedgel.com/#home-1-section
home and garden,ROOTS LANDSCAPING & RESTORATION LLC,"landscaping, preservation and restoration services",,https://christine-tasseff.squarespace.com
home and garden,HEGGENES LAWN CARE LLC,lawn care,,https://heggeneslawncare.com
home and garden,A1-SOUTH ISLAND LOCK & KEY INC.,locksmith,,https://gowhidbey.wixsite.com/a1lock
home and garden,HONOLD'S ORNAMENTAL IRONWORK LLC,metal fabrication,"gates, railings, water features",https://www.modstudionw.com
home and garden,HEAVY METAL WORKS LLC,metal fabrication,metal fabricator and custom neon signs,http://www.heavymetalworks.com
home and garden,MONARCH METAL WORKS LLC,metal fabrication,metal works,https://www.monarchmetalworks.com
home and garden,"IWS, INC.",metal fabrication,"welding, custom, repairs",https://www.irishweldingservices.com
home and garden,"SOUTH WHIDBEY SELF STORAGE, LLC",moving and storage,storage,https://www.southwhidbeyselfstorage.com
home and garden,J. MICHELLE DESIGNS LLC,outdoor living design,,https://jmichelledesigns.com
home and garden,GOOD HEART HOMES LLC,property concierge services,,https://www.good-heart-homes.com
home and garden,WHIDBEY ROOF & GUTTER CLEANING INC,roof and gutter cleaning,,https://whidbeyroofandguttercleaning.com
home and garden,"WHIDBEY'S TOPSOIL, INC.2","soil, bark, gravel, firewood",,https://whidbeystopsoil.com/index.html
home and garden,"WHIDBEY SUN & WIND, LLC2","solar power, wind power",,http://www.whidbeysunwind.com
home and garden,HENRY TREE SERVICE LLC,tree service,,https://www.henry-tree.com
home and garden,LET THERE BE LIGHT SERVICES LLC,window and gutter cleaning,,https://lettherebelightservices.com
home and garden,HAGGLUND INDUSTRIES LLC,window cleaning,,https://hagglundww.com/#
home and garden,WHIDBEY HEATING & STOVES LLC,"wood fireplaces, sales and service",,https://www.whidbeystoves.com
lodging and destinations,CLINTON COMMUNITY HALL,event spaces,community hall,http://clintoncommunityhall.org/
lodging and destinations,"WIFIRE, INC.",event spaces,event spaces,https://www.facebook.com/WiFireCommunity/
lodging and destinations,"WHIDBEY EVENT RENTALS, LLC",event spaces,event supplies (rentals),https://whidbeyeventrentals.com
lodging and destinations,CAMPFIRE WHIDBEY LLC,event spaces,event venue and catering,https://www.campfirewhidbey.com
lodging and destinations,"THE WHIDBEY WAYFARER, LLC",event spaces,weddings,https://whidbeyislandwedding.com/Home.html
lodging and destinations,THE GREENBANK PROGRESSIVE CLUB,event spaces,,https://www.greenbankprogressiveclub.org
lodging and destinations,"WHIDBEY ISLAND BED AND BREAKFAST, LLC",lodging,bed and breakfast,https://www.whidbeybandb.com
lodging and destinations,"THE INN AT LANGLEY, INC.",lodging,Inns,https://innatlangley.com
lodging and destinations,BOATYARD INN LLC,lodging,vacation rentals,https://www.boatyardinn.com
lodging and destinations,COMFORT FARM AND VINEYARD LLC,lodging,winery,https://www.comfortsofwhidbey.com
lodging and destinations,"THE QUINTESSA, LLC",lodging,,https://www.thequintessa.com
lodging and destinations,"SARATOGA INN, LLC",,bed and breakfast,https://www.saratogainnlangley.com
retail & services,CLASSIC SHINE AUTO DETAILING LLC,automotive,auto detailing,https://www.classicshineautodetail.com
retail & services,SIMMONS GARAGE INC.,automotive,auto repair,https://www.theshopatsimmonsgarage.com
retail & services,"FAMILY RENT-A-CAR, LLC",automotive,car rental,https://www.whidbeyislandrentalcars.com
retail & services,"CONTEMPORARY CLASSICS OF WASHINGTON, INC.",automotive,classic cars,http://www.contemporaryclassicsofwa.com
retail & services,"COOPER AUTO SALES, LLC",automotive,"for sale, rent",https://www.cooperauto.com
retail & services,"CRAVEN INSURANCE, INC.",automotive,insurance,https://www.craveninsurance.com
retail & services,"WHIDBEY CYCLE WRX, LLC",automotive,motorcycle repair,https://whidbeycyclewrx.com
retail & services,SIMMONS TOWING INC,automotive,towing,https://www.simmonstowinginc.com
retail & services,SOUND SUPPORT & SOLUTIONS LLC,computer help mac & iphone,computer help mac & iphone,https://soundsupport.biz
retail & services,WHIDBEY TELEPHONE COMPANY,phone service,phone service,https://www.whidbeytel.com
retail & services,TINYBLUE FOUNDATION,private observatory,private observatory,http://www.tinyblue.com
retail & services,"SOUTH WHIDBEY REAL ESTATE SERVICES, LLC",real estate,broker,https://southwhidbeyrealestate.com
retail & services,RIGHT START INSPECTION SERVICES LLC,real estate,home inspections,https://rightstartis.com
retail & services,ABOTT PROPERTY LLC,real estate,realtor,https://whidbeyislandsouthoffice.johnlscott.com/home
retail & services,CASA GROUP CORPORATION,real estate,realtor,https://whidbeyislandsouthoffice.johnlscott.com/home
retail & services,CHERYL KEEFE REAL ESTATE INC,real estate,realtor,https://cherylk.johnlscott.com/home
retail & services,CLM MOSOLINO LLC,real estate,realtor,https://mosolino.mywindermere.com
retail & services,"DALTON REALTY, INC.",real estate,realtor,https://daltonrealtyinc.com
retail & services,"DANA MACINNIS REAL ESTATE SERVICES, INC.",real estate,realtor,https://danam.johnlscott.com/home
retail & services,DANA ON WHIDBEY L.L.C.,real estate,realtor,https://danaonwhidbey.com
retail & services,HART REAL ESTATE SERVICES LLC,real estate,realtor,https://jessicahartrealtor.com
retail & services,JS ISLAND REAL ESTATE LLC,real estate,realtor,https://www.windermere.com/directory/agents/jim-tomisser
retail & services,LIPETZ CO. INC.,real estate,realtor,https://www.compass.com/agents/jan-lipetz/
retail & services,SUZANNE LEISHER REALTY INC.,real estate,realtor,https://suzanne-leisher.kw.com
retail & services,TIM CRISWELL LLC,real estate,realtor,https://sellingwhidbey.com
retail & services,YOUTHBIO THERAPEUTICS INC.,research gene therapy,research gene therapy,https://youthbiotx.com
retail & services,MUSIC FOR THE EYES LTD,retail,antique and oriental rugs,https://www.musicfortheeyes.com
retail & services,UPSY DAISY LLC,retail,antique mall,https://shop.redroosterantiquemall.com
retail & services,"SUGARPILL, INC.",retail,apothecary,https://sugarpillseattle.com
retail & services,ISLAND AUCTION LLC,retail,auctions,https://www.islandauctionllc.com
retail & services,LOCAL BUILDING SOURCE LLC,retail,building supplies - cabinetry,https://www.buildingsourceinc.com
retail & services,ELM DESIGN LLC,retail,candles,https://elmdesigncandles.com
retail & services,ISLAND HERB MERCH LLC,retail,cannabis,https://whidbeyislandherb.com
retail & services,WHIDBEY ISLAND CANNABIS COMPANY CULTURE LLC2,retail,cannabis,http://www.whidbeyislandcannabisco.com
retail & services,EDIT. LLC,retail,clothing,https://www.editwhidbey.com
retail & services,"FAIR TRADE OUTFITTERS, LLC",retail,clothing,https://www.facebook.com/FairTradeOutfitters/
retail & services,"SOUND BUSINESS CENTER, INC.",retail,copy center office supply,https://www.sbccopycenter.com
retail & services,"CASEY'S CRAFTS, L.L.C.",retail,crafts,https://caseyscrafts.net
retail & services,CRIBBAGEBOARD.COM LLC,retail,cribbage boards,http://www.cribbageboard.com
retail & services,GREENBANK PANTRY LLC,retail,deli,https://www.greenbankstore.com/pantry
retail & services,WEBBS DEPARTMENT STORE LLC,retail,department store,https://whidbeycamanoislands.com/activities/webbs-department-store/
retail & services,BRAZEN DOBERMANS LLC,retail,dog breeder,https://brazendobermans.com
retail & services,"WHIDBEYTRONICS, INC.",retail,electronics,https://www.facebook.com/profile.php?id=100065628186609
retail & services,BAYVIEW FARMER'S MARKET ASSOCIATION (LLC),retail,farm,https://www.bayviewfarmersmarket.com
retail & services,"WALDEN LANE GOURMET, LLC",retail,fine Italian cooking ingredients,https://www.waldenlanegourmet.com
retail & services,"FLYING BEAR, LLC",retail,florist,https://www.flyingbearfarm.com
retail & services,IMBERYS FLOWERS BY THE BAY LLC,retail,flowers and delivery,https://www.flowersbythebay.biz/#
retail & services,"BAYVIEW F & G, LLC",retail,gardening,https://www.bayviewgarden.com
retail & services,"CAMANO PLAZA GAS & LUBE, L.L.C.",retail,gas,https://www.exxon.com/en/find-station/mobil-clinton-wa-naomis-200321356?utm_source=google&utm_medium=organic&utm_campaign=gmb
retail & services,"BLUE PEONY, LLC",retail,gifts,https://thebluepeony.com
retail & services,FIREHOUSE STUDIO LLC,retail,glassworks,https://callahansfirehouse.com
retail & services,"THE STAR STORE, INC.",retail,groceries,https://whidbeycamanoislands.com/activities/star-store/
retail & services,EARTH 2 ART LLC,retail,handcrafted stone art,https://www.earth2artstudio.com
retail & services,"LITTLE BEAN'S TOY CHEST, LLC",retail,handmade children's gifts,https://www.littlebeanstoychest.com
retail & services,"ALLA-MANO CREATIONS, LLC",retail,handmade jewelry,https://foamywader.com
retail & services,"WIZARD WOODWORKS, LLC",retail,handmade wooden toys,https://stores.wizardwoodworks.com
retail & services,"HANSON'S BUILDING SUPPLY, INC.",retail,hardware and lumber,https://www.hansonsbuildingsupply.com
retail & services,LIGHT HIKING GEAR LLC,retail,hiking supplies,https://lighthikinggear.com
retail & services,SEAGLASS COVE LLC,retail,home decor art and gifts,https://www.seaglasslangley.com
retail & services,"ARTISANCRAFTED.COM, INC.",retail,housewares artisan crafted,http://artisancrafted.com
retail & services,TURNCO WOOD PRODUCTS INC.,retail,housewares fine wood goods,https://www.turncowoodgoods.com
retail & services,STILLFIRE POTTERY LLC,retail,housewares hand crafted porcelain bowls,https://stillfirepottery.com
retail & services,RIPPLING WILDFLOWER LLC,retail,jewelry handmade,https://ripplingwildflower.com
retail & services,"WHIDBEY MILLHOUSE, LLC2",retail,lumber,https://www.whidbeymillhouse.com
retail & services,BLUE SOUND MUSIC L.L.C.,retail,musical instruments,https://www.bluesoundmusic.com
retail & services,VENTURE OUT CORP.,retail,nursery,https://www.ventureoutnursery.com/
retail & services,"COOK ON CLAY, LLC",retail,online clay cookware,https://www.cookonclay.com
retail & services,"THE HEALTHY PET, INC.",retail,pet store,https://frommfamily.com/r/5523
retail & services,CRITTERS PET RESCUE FOUNDATION,retail,pet supplies,https://www.whidbeycritters.com/
retail & services,GOLDEN GINKGO STUDIO LLC,retail,porcelain serving bowls,https://wildlybelovedfoods.com/collections/golden-ginkgo-studio-by-jane-fung
retail & services,"BUILDING SOURCE, INC.",retail,residential design,https://www.buildingsourceinc.com
retail & services,MADRONA SUPPLY CO LLC,retail,screen printed home goods and apparel,https://www.madronasupplyco.com
retail & services,"A PLACE TO PUT IT, LLC",retail,self storage,http://aplace2putit.com
retail & services,"ALL ISLAND STORAGE - FREELAND, LLC",retail,self storage,https://allislandstorage.com/storage-locations/freeland-storage-units/
retail & services,DDP PROPERTIES LLC,retail,self storage,https://www.southwhidbeyselfstorage.com
retail & services,WATERMAN ENTERPRISES INC.,retail,self storage,http://watermanselfstorageinfo.com
retail & services,"WHIDBEY'S TOPSOIL, INC.",retail,"soil, bark, gravel, firewood",https://whidbeystopsoil.com/index.html
retail & services,GRAYHORSE MERCANTILE CORPORATION,retail,"specialty foods, home goods",https://www.grayhorsemercantile.com
retail & services,BIRCH LABEL LLC,retail,sticker manu,https://birch-label.business.site
retail & services,WINDY INDIGO FARM AND FIBER LLC2,retail,"wool, small batch",https://windyindigo.com
retail & services,"WHIDBEY ISLAND ALPACAS, LLC",retail,yarn,https://www.pronkinpastures.com
retail & services,SENIOR SERVICES OF ISLAND COUNTY PUBLIC BENEFIT,senior services,senior services,https://senior-resources.org
retail & services,"ON YOUR BEHALF, LLC",senior services elder care,senior services elder care,http://www.on-your-behalf.com
retail & services,ENSO HOUSE,senior services end of life care,senior services end of life care,https://ensohouse.org
retail & services,ENSO HOUSE,senior services end of life care,senior services end of life care,https://ensohouse.org
retail & services,SOUTH WHIDBEY AT HOME,senior services helping at home,senior services helping at home,https://swathome.clubexpress.com
retail & services,UNKNOWN,tourism,tourism,https://experiencewhidbey.com
retail & services,"QUICKSILVER PROPERTIES, LLC",travel airport,travel airport,https://whidbeyairpark.com/visit.html
retail & services,"WRIGHT TRAVEL, INC.",travel travel agent,travel travel agent,https://www.wrighttravel.com
retail & services,CASCADIA MEADOWS LLC,wedding venue,wedding venue,https://www.cascadiameadows.com
retail & services,"DDML CUISINE, LLC",wedding venue,wedding venue,https://fireseedcatering.com
health & wellness,THE ROCK HAIR STUDIO,"beauty, personalized sustainable haircare in a quiet environment amongst the trees","For folks who need a low toxic, low energy, chill salon space.",https://therockhairstudio.wixsite.com/therockhairstudio