category,business name,description,detail,url
activities,Ace Pickle Barn,fitness,pickleball facility,https://www.whidbeypicklebarn.com
activities,American Legion Auxiliary South Whidbey 141,youth,youth baseball,https://www.legion.org/baseball/teams/2015/wa/304519
activities,Fmrf,youth,summer camp,https://fullmoonrisingfarm.com
activities,Island Explorer,marine adventure,kayak rentals,https://www.whidbeyislandkayaking.com
activities,Island Nautilus,fitness,Island Athletic Club,https://islandathleticclub.com
activities,Joli Farms Quarter Horses,fitness,equestrian lessons,https://joli-farms.business.site
activities,Pilates Collective,fitness,pilates,https://www.pilatescollective.studio/teachers
activities,Saratoga Yacht Charters,marine adventure,yacht charter,https://saratogayachtcharters.com
activities,Scotch Whisky Events2,tastings,scotch and whiskey tastings,https://www.scotchwhiskyevents.com
activities,Silly Dog Studios2,photography,photography workshops,https://www.danieljgregory.com
activities,Solid Stone Boxing,fitness,fitness - boxing gym,https://www.solidstoneboxing.com
activities,South Island Crossfit,fitness,"gym, crossfit",https://www.southislandcrossfit.com
activities,South Whidbey Little League,youth,youth,https://www.southwhidbeylittleleague.com
activities,The Backyard Whidbey Island,youth,gym,https://www.thebackyardwhidbey.org/
activities,The Hub - Youth Central,youth,youth afterschool,http://www.thehubafterschool.org
activities,The Preserve At Trillium2,explore nature,explore nature,https://www.wclt.org/projects/trillium-community-forest/
activities,Tiger Martial Arts,fitness,martial arts studio,http://tigermartialarts.info
activities,Travis Furlanic Mushroom Tours,explore nature,mushroom tours,https://www.whidbeymushroomtours.com
activities,Useless Bay Golf & Country Club,sports,"golf, country club",https://www.uselessbaygolf.com
activities,Whidbey Island Garden Tour,gardening,annual garden tour,https://www.wigt.org
activities,Wylderwebb Sanctuary,fitness,yoga retreat,http://www.wylderwebb.com
animal services,Animal Hospital By The Sea,veterinary hostpital,veterinarian,https://www.animalhospitalbythesea.com
animal services,Cmc Dog Trainer,dog training,,https://www.cmcdogtrainer.com
animal services,Critters Pet Rescue Foundation,animal rescue,pet supplies,https://www.whidbeycritters.com/
animal services,Double Down Dog Training,dog training,,https://www.doubledowndogtraining.com
animal services,Equestrian Crossings,equestrian classes,equestrian services,https://equestriancrossings.org/classes/our-classes/
animal services,Global Wildlife Resources Inc,wildlife capture (training),,https://wildlifecaptureandcare.com
animal services,Hope Therapeutic Riding Program,equestrian,"youth, horses, therapy",https://www.hopewhidbey.com
animal services,Love Bug Pet Massage,pet massage,pet services,https://www.lovebugpetmassage.com
animal services,Oasis For Animals,no kill shelter,animal shelter,http://oasisforanimals.org
animal services,Prevail K9 Training,dog training,,https://prevailk9training.com
animal services,Salty Paws Pet Services Pllc,"pet care, beach walks",pet services,http://www.saltypawspet.services
animal services,Seven Cedars Dog Training,dog training,,https://www.7cedarsdogtraining.com
animal services,South Whidbey Animal Clinic,veterinary clinic,veterinarian,https://southwhidbeyac.com
animal services,Tricia'S Pet Care,in-house pet sitting,pet services,https://triciaspetcare.com
animal services,"Useless Bay Animal Clinic, Pc.",veterinary clinic,veterinarian,https://www.yelp.com/biz/useless-bay-animal-clinic-freeland
animal services,Waif Endowment Foundation,animal rehoming,animal rescue,https://waifanimals.org
animal services,Whidbey Dog Works,dog training,,https://www.whidbeydogs.com/home
animal services,Whidbey Equine Massage And Bodywork,Equine Massage and Bodywork ,equestrian services,https://www.facebook.com/whidbeyequinemassageandbodywork/
arts & culture,Animals 24-7,news,investigative newspaper and information service reporting about humane work worldwide. ,https://www.animals24-7.org
arts & culture,Artists' Cooperative Of Whidbey Island,gallery,,http://www.whidbeyartists.com
arts & culture,Artworks Gallery,gallery,,https://www.artworkswhidbey.com
arts & culture,Babs Small Publications,literary,,https://www.babsmallpublications.com/about
arts & culture,Back Door Clay Community Studio,clay center with classes,,https://whidbeyclaycenter.com
arts & culture,Cormac Mccarthy Fine Art,gallery,,https://www.cormacpaints.art
arts & culture,Cultus Bay Glass,gallery,,https://www.cultusbayglass.com
arts & culture,Frank Spear Photographic Art,photographic art,,https://spearphotoart.com
arts & culture,Island Art Glass,retail,glass are online and retail,https://islandglassart.com
arts & culture,James E. Tennison Artist,oil paintings and watercolors,,https://www.jamestennison.com
arts & culture,Jing+Mike Co.,literary children's books and illustrations,,http://www.jingandmike.com
arts & culture,Lachaussee Blown Glass,blown glass,,https://www.lachausseeblownglass.com
arts & culture,Museo Gallery,gallery,,https://museo.cc
arts & culture,Otherworld Children'S Media,"media production company for public broadcasting, educational media, alternative technology, and theatre.",,http://www.otherworldmedia.com
arts & culture,Outcast Productions,theatre company,,http://outcastproductions.net/
arts & culture,Rob Schouten Gallery & Sculpture Garden,art gallery,,https://www.robschoutengallery.com
arts & culture,Saratoga Chamber Orchestra,orchestra,,https://www.sowhidbey.com
arts & culture,The Clyde Theatre Llp,movie theatre,,http://theclyde.net
arts & culture,The Shifty Sailors,performing musicians,,https://shiftysailors.net
arts & culture,This Is Whidbey,news,news,https://thisiswhidbey.com
arts & culture,Tulip And Hound Productions,"literary arts, novels",,https://tulipandhound.com
arts & culture,Vamola Brazilian Music And Dance,"performing musicians, Brazilian drum and dance",,https://vamola.org
arts & culture,Whidbey Children'S Theater,children's theatre,,https://wctmagic.org
arts & culture,Whidbey Island Center For The Arts,deepening our shared humanity and sense of belonging through art,,https://www.wicaonline.org/
arts & culture,Whidbey Island Dance Theatre,dance theatre,,https://www.widtonline.org
arts & culture,Whidbey Life Media,literary publisher,,https://www.whidbeylifemagazine.org
B2B services,Abi Tschetter,marketing services,marketing agency,https://www.abitschetter.com
B2B services,Aldermarsh,retreats,5 acre retreat destination,https://www.aldermarsh.net
B2B services,Ananda Valenzuela,leadership,,https://anandavalenzuela.org
B2B services,Ands,nursing certifications,,https://www.andsconsulting.com
B2B services,"Anthony W. Dougherty, P.S.",attorney,,https://www.awdlawoffices.com
B2B services,"Arndt & Walker, Attorneys At Law",attorney,,http://kawlawyers.com
B2B services,Artifact Technologies,digital services,,https://www.artifacttech.com/index.html
B2B services,Ash Consulting Group,consulting,,https://www.hagbergconsulting.com
B2B services,Atomic Otter,full service for SBs,,https://atomicotter.com
B2B services,Ayurveda Arts,health,,https://www.facebook.com/p/Ayurveda-Arts-100067023071271/?paipv=0&eav=AfYgQX99mjdUwv0PyCJFv9jYhyGQo3RME3Gh6QNKPLb4j57T0iAkLCwjQ2HgzEt9cn4&_rdr
B2B services,"B. Heath Gunn, Cpa, Ps",accounting,,https://www.skagitvalleydirectory.com/biz/23694/gunn-b-heath-cpa
B2B services,Balanced Tax Solutions,accounting,,https://balancedtax.solutions
B2B services,Bdub Relations,uplift your brand,,https://bdubrelations.com
B2B services,"Best Practice, Inc Coaching ",leadership,,https://bestpracticeinc.com
B2B services,Black Dog Black Cat,B2B Consulting Services,mgmt consulting,https://blackdogblackcat.com
B2B services,Buoy It Solutions,IT services and consulting,,https://www.buoyitsolutions.com
B2B services,Cairn Financial,B2B Consulting Services,wealth mgmt,https://www.cairnfinancial.com
B2B services,Catalyst Film Consulting Inc,film,,https://www.catalystfilmconsulting.com
B2B services,Chase Scientific,"security, robotics, food production",,https://www.chase-scientific.com
B2B services,CK Graphic Design,Creative Agency,"Branding, Rebranding, Marketing Campaigns, Marketing Services, Website Design & Development Assorted Signage",https://ckgraphicdesign.com
B2B services,Connects Marketing Group Inc,B2B Consulting Services,mgmt consulting B2B,https://connectsgroup.com
B2B services,Curtis Myers,B2B Consulting Services,retail management services,https://www.myersgroupllc.com
B2B services,Cyberevolution,"real-time biophysical data acquisition, processing, and display",,http://www.cyberevolution.com/index.html
B2B services,Dca Tax Planning,financial services,"cpa, tax planning",https://whidbeycpa.com
B2B services,Diamondback Technology,engineering,bulk material handling,https://diamondbacktechnology.com
B2B services,Diverse Design,marketing services,web design,https://diversedesign.net
B2B services,Eagles Eye Consultants,B2B Consulting Services,security consulting,http://www.eagleseyeconsultants.com/home.html
B2B services,Eti Consulting,management consulting,environmental stewardship,http://www.etitrain.com
B2B services,Experiential Consulting,management consulting,risk management for outdoor programs,https://www.outdoorrisk.com
B2B services,Frosty Hollow Ecological Restoration,ecology specialists,ecological restoration,https://www.landcan.org/local-resources/Frosty-Hollow-Ecological-Restoration/57560/
B2B services,Fulton Financial Consultants,financial services,financial services and consulting,https://www.fultonfinancial.com
B2B services,"Fusionspark Media, Spc",digital services,"marketing, content, design",http://www.fusionspark.com
B2B services,Gb Productions,digital services,"creative agency for web, mobile and logo design",https://gbpro.net
B2B services,Honestly Bookkeeping Inc,financial services,bookkeeping,https://honestlybookkeepinginc.com
B2B services,Invitechange,professional coaching,leadership training,https://www.invitechange.com
B2B services,Isle Of Art,"gifts, printing services","design, print",https://featherandfoxprintco.com
B2B services,J.Johnson Insurance,financial services,"health insurance, life, employee",https://www.jjinshealthchoices.com
B2B services,"James M. Paulson, Professional Corporation",arbitration,,http://www.jmpaulson.com/index.html
B2B services,Jm Tax Services,financial services,individual and corporate tax returns,https://www.jmtaxservices.com
B2B services,Kaela Ann Incorporated,marketing services,print design,https://www.kaylaanncreative.com
B2B services,Kalakala Co. Animation,creative content creation,,https://kalakala.co
B2B services,Kingspoke Marine Surveying,marine,marine surveyor,https://kingspokemarine.com
B2B services,Kk  Financial Solutions,financial services,financial advisor,https://www.kkfinancialsolutions.us
B2B services,Lakemont Consulting Group,B2B Consulting Services,IT consulting,https://lakemontconsulting.com/index.php
B2B services,Laura Southard Consulting,B2B Consulting Services,"human resources strategy, planning and operational support to organizations and businesses with a special emphasis on embedding equity, diversity and inclusion into the design and delivery of programs, policies and practices.  ",https://www.southardhr.com
B2B services,"Law Office Of James L Carbone, Pllc",attorney,,https://www.skagitvalleydirectory.com/biz/28307/carbone-james-pllc-law-office-of
B2B services,"Law Offices Of Andrew F Scott And Associates, Pllc",attorney,,https://afscottlaw.com/freeland-wa-lawyer/
B2B services,Leeds Consulting Group,lead generation,,https://leedscg.com
B2B services,Limina,home funeral guide,,https://lucindaherring.com
B2B services,Maketa Wilborn Consulting,B2B Consulting Services,leadership facilitator,https://www.maketawilborn.com/index.php
B2B services,Mountains To Sound Marketing,digital services,"SEO, marketing",https://mountainstosoundmarketing.com
B2B services,New Harmony Statistical Consulting,B2B Consulting Services,statistician,https://newharmonystats.com
B2B services,Nichols Marine Services,marine,consulting for new vessel construction,https://www.nicholsms.com/index.html
B2B services,Nurses2Go,placement services for qualified Nurses,,https://www.nurses2go.com
B2B services,Paladin Partners I,B2B Consulting Services,executive coach,https://janismachala.com
B2B services,Parallax Consulting Nw,B2B Consulting Services,executive coach,https://parallaxconsulting.com
B2B services,Phoenix Russo Photography,photography,photographer,https://www.phoenixrussophotography.com
B2B services,Prodigy Health Insurance Services,medical stop-loss coverage in all 50 states to self-funded employers with 51 or more employees.,,https://prodigystoploss.com
B2B services,Quantum Edge,leadership consulting,,https://quantumedge.org
B2B services,Rhizome Design,digital services,digital content creation and implementation services,https://rhizomecollaborative.com
B2B services,Rosenkranz Productions,digital services,digital content creation,https://rosenkranzproductions.com
B2B services,Safe Ride News Publications,educational publisher,,https://www.saferidenews.com
B2B services,Safe Shop Tools,marine tools,rigging tools,http://www.safeshop.com/index.html
B2B services,Savage Screen Printing,screen printing and embroidery,,https://www.savagescreenprinting.com/index
B2B services,Seinergy,energy conservation for indoor growers and technical advisor to utility companies,,https://seinergy.com/about-us/
B2B services,Serpco,marketing services,marketing agency,https://serp.agency
B2B services,Shine Pathways,academic coaching,,https://www.shinepathways.com
B2B services,Sibyl Design,marketing services,marketing agency,https://www.sibyl.com/#filter=.home
B2B services,Solaris Images,photography,"authentic, compelling images of people, industrial and architectural subjects on location for businesses, publishers and non-profits",https://www.mlharrisphotography.com
B2B services,Sound Business Strategies,B2B Consulting Services,mgmt consulting,https://soundbusinessstrategies.com
B2B services,Sourcing The Way,B2B Consulting Services,leadership coaching,https://sourcingtheway.com
B2B services,Sp Industrial Lubrication & Air,Industrial Lubrication and Compressed Air Systems,,https://www.spi-airlube.com
B2B services,Sterling Estate Services,"appraiser, personal property",,https://www.sterlingestateservices.com
B2B services,Suitespot Consulting,digital services,"Netsuite, oracle",https://www.suitespotconsulting.com
B2B services,Summit24,B2B Consulting Services,"marketing strategy, business strategy",https://www.summit24.com
B2B services,Taylor Pension Administration,pension administration,,https://www.taylorpension.com
B2B services,Techcadia,IT github,"tech, automation, deployment",https://github.com/Techcadia
B2B services,Tennison Films,brand films,,https://www.tennisonfilms.com
B2B services,The Hydrodynamics Group,experienced in the development of groundwater resources and deep geological energy storage projects.,,http://hydrodynamics-group.com
B2B services,Tristan J Carney,marketing services,marketing agency,https://tristanjcarney.co/
B2B services,Ust Training,"driver training, class A, B and C UST",,https://usttraining.com
B2B services,Vista Diagnostics International,medical: rapid diagnostic test development,,https://vistadx.net
B2B services,Vista Laboratory Services,antibody and materials for lateral flow rapid tests,,https://vistalaboratoryservices.com
B2B services,Whidbey Creative,digital marketing,branding,https://www.whidbeycreative.com
B2B services,Z-Pulley Incorporated,spatial software,,http://z-pulley.com/#pr
clubs and causes,Alongside Ministries International,advancing the Christian gospel,,https://www.alongside.org
clubs and causes,American Gin & Tonic Designers Association,food and beverages,,https://www.agtda.org
clubs and causes,Baby Island-Saratoga Club,youth scholarships,,https://www.babyislandsaratogaclub.org/
clubs and causes,Ballydidean Farm Sanctuary,"allydídean rescues, rehabilitates, and rehomes farmed animals who are unwanted, neglected, or abused",,https://ballydidean.farm/
clubs and causes,Calvary Chapel Of Whidbey Island,"church, evangelical",,https://www.ccwhidbey.com
clubs and causes,Cascade Dachshund Club,dachshund club,,https://www.cascadedachs.org
clubs and causes,Christian Life Community Church Of Whidbey Island,Church Christian,,http://clcwhidbey.com
clubs and causes,"Christian Science Society, Langley, Washington",Christian Science Society of South Whidbey,,https://christiansciencesouthwhidbey.com
clubs and causes,Clinton Chamber Of Commerce,tourism,,https://discoverclintonwa.com
clubs and causes,Clinton Community Council,Clinton Community Council,,https://clintoncommunitycouncil.org
clubs and causes,Cugos,Open Source GIS professionals,,https://cugos.org 
clubs and causes,Fetch,off leash dog parks,,http://www.fetchparks.org/index.html
clubs and causes,Genealogical Society Of South Whidbey Island,Genealogical Society,,http://www.gsswi.org/index.shtml
clubs and causes,Goosefoot Community Fund,essential community solutions,,https://goosefoot.org/news-events/
clubs and causes,Greater Freeland Chamber Of Commerce,chamber of commerce,,https://freelandchamber.org
clubs and causes,Healing Circles Langley,facilitating human connections,,https://healingcircleslangley.org
clubs and causes,Hearts & Hammers,rehabilitating houses for those in need,,http://www.heartsandhammers.com/
clubs and causes,Hedgebrook,supporting visionary women writers,,https://hedgebrook.org/
clubs and causes,Helping Hand Of South Whidbey,"Helping Hand provides immediate financial assistance to residents of South Whidbey when basic services of life and well-being are in danger of being discontinued, and makes referrals for longer-term assistance.",,https://helpinghandofsouthwhidbey.org
clubs and causes,Hillside Evangelical Free Church,church evangelical,,http://hillside-efc.com
clubs and causes,Holmes Harbor Rod And Gun Club,Holmes Harbor rod and gun club,,https://www.hhrodandgun.com
clubs and causes,"Home On Whidbey, A Community Land Trust",affordable housing on south Whidbey,,https://www.homeonwhidbey.org
clubs and causes,Impact Teams International,fundraising for children in developing Nations,,http://www.impactkids.org/index.html
clubs and causes,International Steel Shooting Association,steel shooting,,https://www.internationalsteelshoot.com
clubs and causes,Island Arts Council,"WIAC fosters local artists and arts organizations through grants, fiscal management and sponsorship",,https://www.islandartscouncil.org
clubs and causes,Island Beach Access,beach access,,https://www.islandbeachaccess.org/index.php
clubs and causes,Island Roots Housing,local housing,,https://islandrootshousing.org
clubs and causes,Island Rowing Association,sports,,https://islandrowing.org
clubs and causes,Island Shakespeare Festival,arts,,http://www.islandshakespearefest.org/
clubs and causes,Kiseki Horse Rescue Foundation,animal rescue,,https://www.kisekihorserescue.org
clubs and causes,Langley Main Street Association,business,,https://langleymainstreet.org/
clubs and causes,Langley United Methodist Church,church methodist,,https://langleyumc.org
clubs and causes,Langley Village Association,Langley Main St,,https://langleymainstreet.org
clubs and causes,Living Design Foundation Dba Living Design Foundation,curriculum development in education,,https://www.livingdesignfoundation.org
clubs and causes,Meerkerk Rhododendron Gardens,gardening,,http://www.meerkerkgardens.org/
clubs and causes,Mobile Turkey Unit Of Whidbey Island,human services,,https://www.mobileturkeyunit.com/
clubs and causes,Mother Mentors Of Whidbey Island,human services,,https://www.mothermentors.org
clubs and causes,Moving Images Video Project,peace,,https://www.movingimages.org/index.htm
clubs and causes,Northwest Art Alliance,arts,,https://nwartalliance.org
clubs and causes,Northwest Food Alliance Inc,food secure communities,,https://northwestfoodalliance.com
clubs and causes,Oneness Project,Dedicated to the Dances of Universal Peace,,https://onenessproject.com
clubs and causes,Orca Network,educating the public and protecting orcas and their habitat,,http://www.orcanetwork.org/
clubs and causes,Rod And Gun Safety Education Club,gun safety,,https://www.hhrodandgun.com
clubs and causes,Rotary Club Of South Whidbey Island,rotary,,https://portal.clubrunner.ca/811/
clubs and causes,Rotary Club Of Whidbey Westside,rotary,,https://portal.clubrunner.ca/9353/
clubs and causes,Salish Sea Cooperative Finance,"helping members align their money with their values through investing, borrowing, and financial literacy.",,https://salishseafinance.coop
clubs and causes,Science And Spirit Institute,"promote and engage in the study and uses of energy as relates to physics, medicine, spirit, and art from the perspective of the holistic divine feminine that all is connected.",,https://scienceandspirit.institute
clubs and causes,Slow Food Whidbey Island,slow food,,https://slowfoodwhidbeyisland.org/
clubs and causes,Soroptimists International Of South Whidbey Island,girl empowerment,,https://soroptimistsouthwhidbey.org
clubs and causes,South Whidbey Assembly Of God,"Church, Christian",,https://www.swagchurch.com
clubs and causes,South Whidbey Church Of Christ,"Church, Christian",,https://www.southwhidbeychurchofchrist.org
clubs and causes,South Whidbey Historical Society,historical society,,https://southwhidbeyhistory.org
clubs and causes,South Whidbey Schools Foundation,building relationships between our community and schools,,https://swsfoundation.org
clubs and causes,South Whidbey Tilth Association,"we are a community of gardeners, farmers and consumers on South Whidbey Island who support good tilth–carbon-rich, living soil–as the foundation of a vibrant and biodiverse agriculture.",,https://www.southwhidbeytilth.org/events
clubs and causes,South Whidbey Yacht Club,yacht club,,https://swyachtclub.org
clubs and causes,South Whidbey Yacht Club Youth Sailing Association,youth sports,,https://swyachtclub.org/learn-to-sail/
clubs and causes,"St. Augustine'S In-The-Woods Episcopal Parish, Freeland,  Washington","church, episcopal",,https://www.staugustinesepiscopalchurch.org
clubs and causes,The Applique Society,applique in quilting,,https://theappliquesociety.org
clubs and causes,The Christian And Missionary Alliance Church Of Langley,"church, Christian",,https://icwhidbey.org
clubs and causes,The Giraffe Project Dba The Giraffe Project,"honoring compassionate risk-takers with the courage to stick their necks out for the common good, in the US and around the world.",,https://www.giraffe.org
clubs and causes,The Langley Chamber Of Commerce,chamber of commerce,,https://visitlangley.com
clubs and causes,The Langley Community Club,Langley community club,,https://langleycommunityclub.wordpress.com/events/
clubs and causes,The M-Bar-C Ranch (The Forgotten Children'S Fund),horse refuge,,https://www.facebook.com/mbcranch
clubs and causes,The Preserve At Trillium,land conservation,,https://www.wclt.org/projects/trillium-community-forest/
clubs and causes,The Trinity Lutheran Church Of Freeland,Lutheran church,,https://trinitylutheranfreeland.org
clubs and causes,The Unitarian Universalist Congregation Of Whidbey Island,Unitarian Universalist church,,https://uucwi.org
clubs and causes,The Washington State Society Of The National Society Of The Daughters Of The American Revolution,Daughters of the American Revolution,,https://www.wadar.org
clubs and causes,Tusubira - We Have Hope,uganda,,http://www.tusubira.org
clubs and causes,Unity Of Whidbey,"church, Unity",,https://www.unityofwhidbey.org
clubs and causes,Veterans Resource Center,veteran resources,,https://www.whidbeyvrc.org
clubs and causes,Whidbey Audubon Society,audubon society,,https://www.whidbeyaudubonsociety.org/
clubs and causes,Whidbey Environmental Action Network,wean environmental protection,Defending vital ecosystems in Island County and beyond since 1989,https://www.whidbeyenvironment.org
clubs and causes,Whidbey Homeless Coalition,Making homelessness a brief and rare experience on Whidbey Island,,https://www.whidbeyhomeless.org
clubs and causes,Whidbey Island Bed & Breakfast Association,bed and breakfast association,,https://www.whidbeyislandbandb.com
clubs and causes,Whidbey Island Fly Fishing Club,sports,,https://www.wiffc.com/
health & wellness,Whidbey Island Holistic Health Association,association for holistic health,,https://www.wihha.com
clubs and causes,Whidbey Island Nourishes,food security and nourishment programs for youth on South Whidbey Island,,https://www.whidbeyislandnourishes.org/
clubs and causes,Whidbey Island Orchestra,orchestra,,https://www.whidbeyorchestras.org/index.html
clubs and causes,Whidby Community Hall Association,community hall,,http://www.bayviewhall.org
clubs and causes,Xenv,Defending vital ecosystems in Island County and beyond since 1989,,http://www.whidbeyenvironment.org/
construction,Aerial Whidbey,general contractor construction,,https://www.aerialwhidbey.com
construction,Aether Advisors,general contractor construction,,https://www.aetheradvisors.com
construction,Albert Gabelein Construction,home builder,general contractor construction,https://www.facebook.com/p/Albert-Gabelein-Construction-LLC-100054659430914/?paipv=0&eav=AfbrN5VS5ndey4yUm6ZjoXWEBQ61XBO5GhVGoFlffy3RtwUUuQzI4_sZavzhmOBINsA&_rdr
construction,All Set Construction,remodels,general contractor construction,https://www.facebook.com/scot.treggett.716/
construction,Amc Framing,general contractor construction,,https://www.amcframingllc.com
construction,Ap Mechanical Bartel Acquisition,general contractor construction,,https://www.apmechanical.net/about
construction,Apollo Drain Service,general contractor construction,,https://www.apolloplumbing.net
construction,Arbor Dreams,general contractor construction,,https://arbordreamstreesurgeon.com
construction,Archipelago Consulting,general contractor construction,,http://glenrpearson.com
construction,Big Rock Construction & Remodel,remodels,general contractor construction,https://big-rock-construction-remodel-llc.business.site
construction,Black Horse Contracting,excavation fencing outbuildings,general contractor construction,https://www.blackhorsecontracting.com
construction,C&C Wilkie Excavating And Landscaping,excavation,general contractor construction,https://www.ccwilkie.com
construction,Cato Company,"stump removal, land clearing",general contractor construction,https://www.catotreeservice.com
construction,"Celtic Risers, Inc",septic,general contractor construction,https://www.celticrisers.com
construction,Chad Saxton Electric,"smart home, lighting, electrical",general contractor construction,https://www.saxtonelectric.net
construction,Chrysalis Custom Builders,"home building, remodels",general contractor construction,https://www.schisel.com
construction,Contour Design Build,"home construction, remodels",general contractor construction,https://www.contourdesignbuild.com
construction,Country Plans,house plans,general contractor construction,https://www.countryplans.com
construction,Country Road,gravel driveways,general contractor construction,https://www.mycountryroad.com
construction,Culver,home construction,general contractor construction,https://www.culverbuilt.com
construction,Custom Logging & Site Development,logging and excavation,general contractor construction,http://www.customloggingllc.com
construction,Custom Remodel,remodels,general contractor construction,https://www.customremodeldb.com
construction,D. Beckman Construction,remodels,general contractor construction,https://dbeckmanconst.com
construction,Dbbrad,"home builder, design services, remodels",general contractor construction,http://dbbrad.com/dbbrad/Home.html
construction,Dow'S Painting Inc,painting,general contractor construction,http://www.dowspainting.com
construction,Dungeness Construction Corporation,"stormwater, paving, fencing",general contractor construction,http://www.dungenessconstruction.com/home.html
construction,Eagle Landscape Company,landscaping,general contractor construction,https://www.eaglebuildingcompany.com
construction,Eagle Outdoor Living,luxury outdoor kitchens and fire features,general contractor construction,https://eagleoutdoorliving.com
construction,Edgy,home construction,general contractor construction,https://www.soulescompany.com
construction,Edson Design,tile and natural stone installation,general contractor construction,https://edsondesignllc.com
construction,Elemental Building Services,remodels,general contractor construction,https://www.elementaldesignbuild.com
construction,Energywise Ductless Heat Pumps,"HVAC, ductless heat pumps",general contractor construction,https://www.energywisedhp.com
construction,Epstein Custom Homes,home construction,general contractor construction,https://www.epsteincustomhomes.com
construction,Feathermark,"sustainable woodworking, small timber frame construction",general contractor construction,https://www.facebook.com/feathermark.woodwork/
construction,Flat Rock Productions,architect,general contractor construction,https://www.flatrockproductions.com
construction,Freeman Wheeler,home builder,general contractor construction,http://www.freemanwheelerllc.com
construction,Gabelein Brothers Septic Pumping L.L.C.,septic,general contractor construction,https://www.gabeleinbros.com
construction,Garrick Plumbing L.L.C.,plumbing,general contractor construction,https://www.garrickplumbing.com
construction,Gary Whitcomb.,remodels,general contractor construction,https://www.customremodeldb.com
construction,Geoship S.P.C.,eco dome homes,general contractor construction,https://www.geoship.is
construction,Gerlach Construction,remodels,general contractor construction,http://gerlachconst-inc.com
construction,Greenbank Construction,excavation,general contractor construction,https://www.facebook.com/GREENBANKCONSTRUCTIONLLC/
construction,Greg Gilles Construction Services,custom homes,general contractor construction,https://www.greggillesconstruction.com
construction,Grizzly Built Homes,custom homes,general contractor construction,https://grizzlybuilthomes.com
construction,Haven Illustrated,landscape design,general contractor construction,https://havenillustrated.com
construction,Heggenes Construction,custom homes,general contractor construction,http://www.heggenesconstruction.com
construction,Island Asphalt & Sitework,asphalt and sitework,general contractor construction,https://www.facebook.com/islandasphalt/
construction,Island Construction Company,"roofing, decks, painting, kitchen and bath remodels, and gutters",general contractor construction,https://www.facebook.com/p/Island-Construction-Company-100057076014953/
construction,Island Ductless Solutions,"heat pumps, ductless",general contractor construction,https://www.islandheatpumps.com
construction,Island Gas Piping And Stove Installs,gas piping installation,general contractor construction,https://www.islandgaspiping.com
construction,Island Roofing & Remodel,roofing,general contractor construction,https://roofingwhidbey.com
construction,Island Water & Septic,septic,general contractor construction,https://www.bobsseptic.net
construction,Jade Craftsman Builders,home builder,general contractor construction,https://www.jadecraftsmanbuilders.com
construction,Jerry Beck & Company,"electrical, voice and data wiring",general contractor construction,http://www.jerrybeck.com
construction,Khaya Woodworks,fine furniture and cabinetry,general contractor construction,https://www.khayawoodworks.com
construction,Leroy M. Boren Construction,home builder,general contractor construction,https://borenconstruction.com
construction,Live Edge Woodworks,salvaged wood and lumber,general contractor construction,http://liveedgewoodworks.com
construction,Mason Strevel Construction,home builder,general contractor construction,http://www.strevelconstruction.com
construction,Mcbride Fence,fencing,general contractor construction,https://www.mcbridefenceinc.com
construction,Mcclure Custom Homes,home builder,general contractor construction,http://mcclurecustomhomes.com
construction,Mick Olsen Corporation,home builder,general contractor construction,http://mickolsencorp.com/index.htm
construction,Miller Custom Construction,home builder,general contractor construction,http://www.millercustomconstruction.com
construction,Moseler Concrete,concrete,general contractor construction,https://members.sicba.org/list/member/moseler-concrete-llc-3015
construction,Mutiny Bay Plumbing,plumbing,general contractor construction,https://mutinybayplumbing.net/index.html
construction,Nettlebeck Tractor Works,excavation,general contractor construction,https://nettlebecktractorworks.com
construction,Next Generation Design & Build,home builder,general contractor construction,https://www.nextgenerationdandb.com/index.html
construction,North Cross Aluminum,metal fabrication,general contractor construction,https://www.facebook.com/profile.php?id=100042569666012
construction,North River Concrete Pumping,concrete pumping,general contractor construction,https://northriverconcretepumping.com/about.php
construction,Northwest Lawn Care,"lawn care, yard work",general contractor construction,https://southwhidbey.online/northwestlawncare
construction,Otter Built,remodels,general contractor construction,https://www.otterbuilt.com
construction,Ploof,remodels,general contractor construction,https://www.facebook.com/PloofLLC/
construction,"Price/Johnson Construction, Incorporated",home builder,general contractor construction,https://pricejohnson.wordpress.com
construction,"Puget Sound Concrete Pumping Services, Inc",concrete pumping,general contractor construction,https://puget-sound-concrete-pumping.business.site
construction,Quicksilver Construction,"home construction, remodel, decks and more",general contractor construction,https://teamqsc.com/index.html
construction,Redbarn Millworks,"New construction, remodels, fine cabinetry, specializing in the use of Salvage and Eco Friendly Materials",general contractor construction,https://www.redbarnmillworks.com
construction,Rl Simmons Construction,"Logging, Land Clearing & Excavation",general contractor construction,https://www.rlconstructionwhidbey.com
construction,Saratoga Environmental,"environmental and land development services to landowners, builders, architects and real estate agents in Island County",general contractor construction,https://saratogaenv.com
construction,Schisel Construction,"home builder, remodels, additions",general contractor construction,https://www.schisel.com
construction,"Shearwater Construction, Inc",home builder,general contractor construction,https://www.shrwtr.com
construction,Sound Septic Solutions,septic,general contractor construction,https://www.soundsepticsolutionsllc.com
construction,Sound Slope & Shoreline,erosion control business,general contractor construction,https://soundslopeshoreline.com
construction,Soundesign Group Pllc,architect,general contractor construction,https://www.sdg.build
construction,South Island Pumping,septic,general contractor construction,https://southislandpumping.com
construction,Spectrum Construction,"home builder, remodels, additions",general contractor construction,http://spectrumwhidbey.com
construction,Steller Homes,"home builder, remodels, tiny homes",general contractor construction,https://www.stellerhomes.com
construction,"Steve'S Southside Plumbing, L.L.C.",plumbing services,general contractor construction,https://southsideplumbingclinton.business.site/website/southsideplumbingclinton/
construction,Stormwater Filtration Technologies Company,stormwater filtration,general contractor construction,https://swfiltertech.com
construction,Straka Building & Remodeling,remodels,general contractor construction,https://www.strakabuilding.com
construction,Swift Handyman Service,handyman,general contractor construction,https://www.facebook.com/LennyisSwift/
construction,Tanner Mcinerney Construction,home builder,general contractor construction,http://www.weathersideconstruction.com
construction,Taproot Architects,architect,general contractor construction,https://www.taproot.us
construction,Taproot Architects2,architect,general contractor construction,https://www.taproot.us
construction,Thelen Construction,home builder,general contractor construction,https://www.thelen.construction
construction,Tmi Land Surveying,land surveyor,general contractor construction,https://tmilandsurveying.com
construction,Twisting Alders,"foundations, concrete",general contractor construction,https://twisting-alders.business.site
construction,Westway Remodeling,remodels,general contractor construction,https://www.westwayremodeling.com
construction,Whidbey Geological L.L.C.,"geological services, site plans",general contractor construction,https://www.whidbeygeological.com
construction,Whidbey Home Remodel And Repair,remodels,general contractor construction,https://www.whidbeyhomeremodel.com
construction,Whidbey Island Painting Inc,painting,general contractor construction,https://whidbeyislandpaintinginc.com
construction,Whidbey Millhouse,lumber,general contractor construction,https://www.whidbeymillhouse.com
construction,Whidbey South Woodworks,remodels,general contractor construction,https://whidbeysouthwoodworks.com
construction,Whidbey Sun & Wind,"solar power, wind power",general contractor construction,http://www.whidbeysunwind.com
construction,"Whidbey Tractor And Chainsaw Services, L.L.C.",road and excavation,general contractor construction,https://www.whidbeytractor.com
construction,"Whidbey'S T&T Construction, Inc",earthwork,general contractor construction,https://whidbeystandtconstruction.com
construction,"Wood Bee Custom Carpentry, L.L.C.",remodels,general contractor construction,https://www.facebook.com/profile.php?id=100064322401218
construction,X-Sound Engineering,engineer: civil and structural engineering firm,general contractor construction,http://www.x-soundengineering.com/home.html
construction,"Young Associates Project Services, Ltd.",project management,general contractor construction,http://www.yaprojects.com/home.html
education,Artistic Enrichment,waldorf homeschooling,,https://artistic-enrichment.com
education,Atlantis Steam,k-12 STEAM education,,https://www.facebook.com/atlantissteam/
education,"Boy Scout Troop 57, South Whidbey Island",boy scouts,,http://www.bsatroop57.com
education,Center For Online Safety,advocating for the online health and safety of children and teens,,https://www.centerforonlinesafety.com
education,Context Institute,leadership,,https://www.context.org
education,Cru Institute,faculty training in education,,https://www.cruinstitute.org
education,Fmrf2,summer camp,,https://fullmoonrisingfarm.com
education,Heritage Learning,professional development for educators,,https://www.hol.edu
education,Island Christian Academy,k-12 Christian education,,https://www.islandchristianacademy.com
education,Kriska,"environmental protection, education, services",stream and habitat restoration and riparian construction,https://www.kriska.org
education,Market Square Education,nationally accredited and a Washington State OSPI approved online provider,,https://marketsquare.education
education,Readiness To Learn,offering assistance to teachers and parents for academic support,,https://readinesstolearn.org
education,Soma Institute Of Structural Integration,soma certification,,https://www.soma-institute.org
education,The Educating For Humanity Institute,professional development for teachers,,https://www.hol.edu
education,The Organic Farm School,Regenerative Learning Center,,https://organicfarmschool.org
education,The Whidbey Institute,nurturing the conditions for transformational learning,,https://whidbeyinstitute.org
education,Weekdays,"preschool, Montessori-based school",,https://www.whidbeypreschool.com
education,Wellington Day School,"preschool, Montessori-based school",,https://www.thewellingtonschool.org
education,"Whidbey Island Language, Art & Stem Center","childhood education, afterschool and summer programs",,https://www.wilasc.com
education,Whidbey Island Waldorf School,waldorf school,,https://wiws.org
education,Whidbey Watershed Stewards,"environmental protection, education, services","promotes nearshore and watershed health by linking water, land, wildlife and people on Whidbey Island through education, research, and restoration",https://whidbeywatersheds.org
education,Whidbey-Camano Land Trust,"environmental protection, education, services","The mission of the Whidbey Camano Land Trust is to actively involve the community in protecting, restoring, and appreciating the important natural habitats and resource lands that support the diversity of life on our islands and in the waters of Puget Sound.",https://www.wclt.org
food,12 Birches Farm,farm,"organic vegetables, herbs, a few flowers, and fruit",https://12birchesfarm.com
food,Afiberlife,farm,"fibers, wool",https://afiberlife.com
food,Bailey'S Corner,dinning,brews and burgers,https://www.baileyscornerstore.com
food,Bailey'S Corner,dinning,dining and live music,https://www.baileyscornerstore.com
food,Ballydidean Farm Sanctuary,farm,"Ballydídean rescues, rehabilitates, and rehomes farmed animals who are unwanted, neglected, or abused",https://ballydidean.farm/
food,Be Sweet,dining,coffee - curbside,https://www.yelp.com/biz/be-sweet-coffee-langley
food,Blooms 5511,dinning,winery & bistro,http://bloomswinery.com
food,Blooms 55112,food producer,winery & bistro,http://bloomswinery.com
food,Blue Dog Catering,food services,catering,https://bluedogcatering.com
food,Braeburn Eats,dinning,,https://www.braeburnlangley.com
food,Britt'S Fermented Foods,food producer,online and wholesale,https://brittsfermentedfoods.com
food,Build A Brat,dinning,,https://www.facebook.com/buildabrat/
food,China City Properties I,dinning,chinese food,http://www.chinacityrestaurant.com/eat-1
food,Crabby Coffee,dinning,"coffee, curbside pickup",https://crabbycoffee.org
food,Cultus Bay Distillery,food producer,tours retail,https://cultusbaydistillery.com
food,Double Bluff Brewing Co.,dinning,"brewery, live music",https://www.dblfbrewing.com
food,El Corral,dinning,mexican restaurant,https://www.facebook.com/ElCorralMexRest/
food,Fainting Goat Farms,farm,"organically-fed chicken eggs, fresh cut flowers, veggies, fruit and honey",https://www.faintinggoatfarms.com
food,Fare Market,dinning,southeast asian cuisine,https://thefaremarket.com
food,"Forget Me Not Family Farms, L.L.C.",farm,"cut flowers, berries, produce",https://www.forgetmenotfarmswhidbey.com
food,Foxtail Farm,farm,"cut flowers, berries, produce",https://foxtailfarmorganics.com
food,Full Cycle Farm,farm,"flowers, vegetables",https://www.fullcyclefarm.net
food,Geri'S Snack Shack,dinning,food truck,https://www.facebook.com/GerisSnackShack/
food,Glendale Shepherd,farm,"award winning cheese, yogurt lamb",https://www.glendaleshepherd.com
food,Greenbank Farm Wine Shop,dinning,wine shop at Greenbank Farm,http://greenbankfarmwineshop.com
food,Hierophant Meadery.,dinning,"meadery, retail, online, tastings",https://www.hierophantmeadery.com
food,Holmes Harbor Cellars,dinning,winery,https://whidbeycamanoislands.com/activities/holmes-harbor-cellars/
food,Ikaika Bistro,dinning,polynesian restaurant and catering,https://ikaika-bistro.ueniweb.com
food,Island Angel Chocolates Incorporated,dining,chocolates,https://sweetmonas.com
food,Island Nosh,dinning,,https://www.islandnosh.com/index.html
food,Island Time Coffee Company,food producer,coffee roaster,https://islandtimecoffeeco.com
food,J J Romer Coffee Roasters,food producer,coffee roaster,https://www.jjromerroasters.com
food,Jet Java,dinning,coffee curbside,https://jetjava.com
food,Jupiter Coffee,dinning,coffee,https://www.instagram.com/jupitercoffeewhidbey/?hl=en
food,Lesedi Farm,dinning,"farm to table, prepackaged meals",https://www.lesedifarm.com
food,Lily Farms Catering,dinning,catering,https://lilyfarmscatering.com
food,Long Family Farm,farm,GRASS-FED BEEF FROM MAXWELTON VALLEY ON WHIDBEY ISLAND,https://joelongfamilyfarm.com
food,Mutiny Bay Blues,farm,blueberries,https://mutinybayblues.com
food,Nettle Forest Farm,farm,seasonal farmstand,https://www.nettleforestfarm.com
food,Ogres Brewing,dinning,brewery,https://ogresbrewing.com
food,"Primal Island, Inc",food producer,"granola, gluten-free, grain-free",https://primalisland.com
food,Rocket Taco,dinning,"Mexican food, fresh and authentic",https://rocket-taco.com
food,Salty Sea Coffee,dinning,coffee at Clinton ferry dock,https://www.saltyseacoffee.com
food,Salty Sea Coffee,dinning,Langley coffee shop,https://www.saltyseacoffee.com
food,Scotch Whisky Events,dinning,scotch and whiskey tastings,https://www.scotchwhiskyevents.com
food,Skein & Tipple,dinning,cocktails and yarn,https://skeinandtipple.com
food,Skyroot Farm,farm,CSA and online farmstand,http://www.skyrootfarm.com
food,Sleepy Bee Farm,farm,"available via seasonal farm stand, Whidbey Island Grown, and Bayview Farmers Market",https://www.sleepybeefarm.com
food,South Whidbey Commons,dinning,cafe,https://www.swcommonscafe.org
food,Sprinklz,dinning,ice cream,https://sprinklz-icecream.com
food,Sprinklz2,dinning,ice cream,https://sprinklz-icecream.com
food,Spunkstore,food producer,"pumpkin seeds, spicy",https://spunkstore.com/index.html
food,Third Act,dinning,eclectic comfort food,https://www.savoryrestaurantwhidbey.com
food,Thirsty Crab Brewery,dinning,brewery and build-a-brat food truck,https://www.thirstycrabbrewery.com
food,Village Pizzeria Ii,dinning,pizza,https://www.villagepizzerialangley.com
food,Village Wine Shop,dinning,wine tasting,https://villagewineshops.com
food,"Whidbey Doughnuts, L.L.C.",dinning,donuts,https://whidbeydoughnuts.com
food,Whidbey Island Alpacas2,farm,alpacas,https://www.pronkinpastures.com
food,Whidbey Island Bagel Factory,dinning,bagels,https://www.facebook.com/whidbeyislandbagelcompany/
food,Whidbey Island Dahlias,farm,dahlias,https://www.whidbeydahlias.com/home
food,Whidbey Island Distilleries,dinning,spirits,https://www.whidbeydistillery.com
food,Whidbey Island Grown Cooperative,farm collective,food co-op,https://www.whidbeyislandgrown.com
food,"Whidbey Pies, Etc.",dinning,pies,https://whidbeypies.com
food,"Whidbey Pies, Etc.",food producer,pies,https://whidbeypies.com
food,Wildly Beloved Foods,food producer,wholesale pasta,https://wildlybelovedfoods.com
food,Windy Indigo Farm And Fiber,farm,"wool, small batch",https://windyindigo.com
health & wellness,Adam Bear Healing Arts,healing arts,,https://www.cosmicmanbear.com
health & wellness,"Ashley Crawford, Psyd, Pllc",healthcare provider,counseling,http://www.drashleycrawford.com
health & wellness,Assist In A Miracle,healthcare provider,childbirth,http://www.assistinamiracle.com
health & wellness,Bayview Vision Clinic Inc,healthcare provider,optometry,https://www.bayviewvisionclinic.com
health & wellness,Bear Nourishment,health,,https://www.nutrome.net
health & wellness,Better Balance,wellness yoga,,http://www.betterbalance.us
health & wellness,Bicoff-Smit Counseling Pllc,healthcare provider,counseling,https://www.bicoffsmitcounseling.com
health & wellness,Black Rabbit Studio,beauty,tatoo,https://www.instagram.com/blackrabbittattoolangley/
health & wellness,"Brandon L. Biehler, Dmd, Pllc",healthcare provider,dentist,https://www.whidbeyislandsmiles.com
health & wellness,Breath Medicine Body Mind,breath work,,https://www.breathmedicinebodymind.com
health & wellness,C'Est Moi Salon,beauty,hair salon,https://visitlangley.com/cest-moi-salon/
health & wellness,"Carrie Pope, Msw, Licsw, Pllc",healthcare provider,counseling,http://www.carriepopelicsw.com
health & wellness,"Chiropractic Zone, Inc",healthcare provider,chiropractic,https://www.chirozone.net
health & wellness,Clarity Counseling,healthcare provider,"I provide couples, families, and individuals of all ages with compassionate, client-focused therapy.",http://www.claritycounseling.life
health & wellness,"Lynne Donnelly, CST, EFTCert-II",healthcare provider,"CranioSacral Therapy, Qi Therapy/Qigong",http://www.lynne.org
health & wellness,Crosby Skin Studio,beauty,"skin services, hair removal",https://crosbyskinstudio.com
health & wellness,Curacion Counseling Pllc,healthcare provider,counseling,https://www.curacioncounseling.com
health & wellness,"Debbara Monroe, Ph.D., Psychology, Pllc",healthcare provider,"psychological evaluations, testing, therapy",https://www.pnw-psych.com
health & wellness,Double Diamond Bodywork And Massage Pllc,massage,massage therapist,http://doublediamondbodywork.com
health & wellness,Dr. Eli Bentabou Chiropractic And Wellness Center,healthcare provider,chiropractor,https://eli-bentabou-chiropractic-wellness-center.business.site
health & wellness,Edward Park Dds Ps,healthcare provider,dentist,http://langleydentalcare.com
health & wellness,Eternal Wellness,"pilates, zumba, dance",,https://www.eternalwellness.life
health & wellness,Heron Lake Press,"alexithymia, emotion cards",,https://www.mixed-emotions.com
health & wellness,Ingrid Buchan Therapy Pllc,healthcare provider,ADHD and neurodivergent treatment,https://www.ingridbuchantherapy.com/#home
health & wellness,"Inspire Acupuncture, Pllc",acupuncture,,https://www.inspire-acupuncture.com
health & wellness,Island Holistic,"a holistic approach of modalities for integration of body, mind, emotion and spirit ",,https://www.islandsoulholistic.com
health & wellness,"James L. Cox, Optometry",healthcare provider,optometry,https://doctor.webmd.com/doctor/james-cox-9e060a07-5eb5-472e-bafd-8e4f66370ff3-overview
health & wellness,"Jess Jarris, Pllc",healthcare provider,somatic counseling,https://www.jessjarris.com
health & wellness,"Kristine Leigh O'Kelly Bsw, Lmp",massage,massage therapist,https://dancingtreehealingandmassage.amtamembers.com
health & wellness,Kula Yoga & Wellness,yoga studio,,http://kulayogawhidbey.com
health & wellness,"Kyle Fukano, D.D.S., Pllc",healthcare provider,dental,https://www.freelandfamilydentalwa.com/meet-the-team
health & wellness,Lone Lake Physical Therapy,healthcare provider,physical therapy,https://www.soundviewcenter.com/llpt
health & wellness,Meg Gluckman Coaching,co-parenting and post divorce support,,https://www.meggluckman.com
health & wellness,Metamorphe Health Clinic P.C.,healthcare provider,Naturopathic care,https://www.metamorphehealth.com
health & wellness,"Molly Putnam Counseling, Pllc",healthcare provider,counseling,https://www.mollyputnam.com
health & wellness,Moon House Reiki,Reiki,,https://www.moonhousereiki.com
health & wellness,Movewell Physical Therapy And Wellness,healthcare provider,physical therapy,https://www.movewell-pt.com
health & wellness,Our Nature Acupuncture,acupuncture,,https://www.ournatureacupuncture.com
health & wellness,"Paul Samuelson, Pmhnp-Bc, Inc",healthcare provider,psychiatric care,https://www.whidbeyintegrativepsychiatry.com
health & wellness,"Peak Performance Chiropractic Center, Ps",healthcare provider,chiropractor,https://peakperformancechiropractic.com
health & wellness,"Reboot Center For Innovative Medicine, Pllc",healthcare provider,restorative care,https://rebootcenter.com
health & wellness,Reconnective Therapy Incorporated,ReConnective Therapy ,,https://www.reconnectivetherapy.com
health & wellness,Resonant Botanicals,all natural pain relief lotions and creams,,https://resonantbotanicals.com
health & wellness,"Robert Jangaard, P.S.",healthcare provider,functional and naturopathic medicine,https://www.jangaardclinic.com
health & wellness,Rumours,beauty,hair salon,http://www.rumoursaveda.net
health & wellness,Safalab,nutritional supplements,,https://safalab.com
health & wellness,"Safe Seas Psychotherapy, Pllc",healthcare provider,psychotherapy and counseling,https://www.sound-psychotherapy.com
health & wellness,"Sage Counterstrain, Pllc        Langley        Wa        -Bizapedia -Opengovwa -.Gov -Washingtoncompanysearch -Yelp -Sicba -Whidbeylocal -Dnb -Officialusa -Clustrmaps",healthcare provider,Counterstrain Treatment,https://www.soundviewcenter.com
health & wellness,Salish Sea Physical Therapy,healthcare provider,physical therapy,http://salishseapt.com
health & wellness,Salon Bella,beauty,hair salon,https://salonbellawhidbey.com
health & wellness,Sarah Manchester Therapy,healthcare provider,"psychotherapy, counseling",https://sarahmanchestertherapy.com
health & wellness,"Sea Level Therapy Services, Pllc",healthcare provider,counseling services,https://www.sealeveltherapy.com
health & wellness,"Seaside Mental Health And Psychiatric Services, Pllc",healthcare provider,psychiatric services,https://www.seasidementalhealth.com
health & wellness,Silly Dog Studios,herbalism,,https://www.ritualmischief.com
health & wellness,Sojourn Family Care,healthcare provider,"RN, newborn and postpartum services",https://www.sojournfamilycare.com
health & wellness,South Whidbey Good Cheer,food bank,,https://goodcheer.org
health & wellness,South Whidbey Physical Therapy And Sports Clinic,healthcare provider,physical therapy,https://southwhidbeypt.com
health & wellness,Studio A,beauty,hair salon,https://www.studioasaloninc.com
health & wellness,Sweet Sisters Bodycare,beauty,skin and hair care,https://sweetsistersbodycare.com/welcome/about/
health & wellness,Tevon Dubois Pllc,healthcare provider,psychiatric care,https://www.tevondubois.com/practice-information
health & wellness,The Body Praxis,fully customized cutting-edge brain and body fitness program for you,,https://www.thebodypraxis.com
health & wellness,The Rock Hair Studio,"beauty, personalized sustainable haircare in a quiet environment amongst the trees","For folks who need a low toxic, low energy, chill salon space.",https://therockhairstudio.wixsite.com/therockhairstudio
health & wellness,The Tova Company,"assessment of, and evaluation of treatment for, attention deficits, including ADHD",,https://tovatest.com
health & wellness,Therapy With Arden Pllc,healthcare provider,counseling,https://therapywitharden.com
health & wellness,Transformational Tools,spiritual guide and teachings,,https://transformationaltools.com
health & wellness,Water'S Edge Family Practice & Wellness Center,healthcare provider,women's health,https://www.watersedgewellnesscenter.com
health & wellness,"Whidbey Dizziness & Balance, Pllc",healthcare provider,physical therapy,https://www.whidbeydizzy.com
health & wellness,Whidbey Island Cannabis Company Culture,health and wellness products,cannabis,http://www.whidbeyislandcannabisco.com
health & wellness,"Whidbey Performance Physical Therapy, Pllc",healthcare provider,physical therapy,http://www.whidbeyperformancept.com
health & wellness,Wymo,yoga retreat,,http://www.wylderwebb.com
home and garden,A1-South Island Lock & Key,locksmith,,https://gowhidbey.wixsite.com/a1lock
home and garden,Art Of Soil,landscape design,,http://www.artofsoil.com
home and garden,Good Heart Homes,property concierge services,,https://www.good-heart-homes.com
home and garden,Hagglund Industries,window cleaning,,https://hagglundww.com/#
home and garden,Heavy Metal Works,metal fabrication,metal fabricator and custom neon signs,http://www.heavymetalworks.com
home and garden,Heggenes Lawn Care,lawn care,,https://heggeneslawncare.com
home and garden,Henry Tree Service,tree service,,https://www.henry-tree.com
home and garden,Honold'S Ornamental Ironwork,metal fabrication,"gates, railings, water features",https://www.modstudionw.com
home and garden,Idigital,audio/video installations,,https://www.whidbey-av.com
home and garden,Iws,metal fabrication,"welding, custom, repairs",https://www.irishweldingservices.com
home and garden,J. Michelle Designs,outdoor living design,,https://jmichelledesigns.com
home and garden,Let There Be Light Services,window and gutter cleaning,,https://lettherebelightservices.com
home and garden,Monarch Metal Works,metal fabrication,metal works,https://www.monarchmetalworks.com
home and garden,Mutiny Bay Bamboo Co L.L.C.,bamboo privacy screens,,https://www.facebook.com/p/Mutiny-Bay-Bamboo-Co-100063534670413/?paipv=0&eav=AfblFZ3SduVYZzBcG2NHkawGKzJsG8COf958Z-Kv1zL_V9wxT94luFw_BrZVnwmKa_s&_rdr
home and garden,Pacific Landscapes Of Whidbey,landscape design,,https://www.pacificlandscapesofwhidbey.com
home and garden,Possession Point Woodworking,fine furniture and cabinetry,,http://possessionwood.com
home and garden,Rainy Day Flora,garden design and installation,,https://www.rainydayflora.com
home and garden,Roots Landscaping & Restoration,"landscaping, preservation and restoration services",,https://christine-tasseff.squarespace.com
home and garden,South Whidbey Self Storage,moving and storage,storage,https://www.southwhidbeyselfstorage.com
home and garden,The Grounds Professionals,landscaping,,https://thegroundspro.com
home and garden,Waters Edge Landscapes,landscaping,,https://watersedgel.com/#home-1-section
home and garden,Whidbey Heating & Stoves,"wood fireplaces, sales and service",,https://www.whidbeystoves.com
home and garden,Whidbey Home Watch,home maintenance,,https://www.hwwhidbey.com
home and garden,Whidbey Roof & Gutter Cleaning Inc,roof and gutter cleaning,,https://whidbeyroofandguttercleaning.com
home and garden,Whidbey Sun & Wind2,"solar power, wind power",,http://www.whidbeysunwind.com
home and garden,Whidbey'S Topsoil2,"soil, bark, gravel, firewood",,https://whidbeystopsoil.com/index.html
lodging and destinations,Boatyard Inn,lodging,vacation rentals,https://www.boatyardinn.com
lodging and destinations,Campfire Whidbey,event spaces,event venue and catering,https://www.campfirewhidbey.com
lodging and destinations,Clinton Community Hall,event spaces,community hall,http://clintoncommunityhall.org/
lodging and destinations,Comfort Farm And Vineyard,lodging,winery,https://www.comfortsofwhidbey.com
lodging and destinations,Saratoga Inn,lodging,bed and breakfast,https://www.saratogainnlangley.com
lodging and destinations,The Greenbank Progressive Club,event spaces,,https://www.greenbankprogressiveclub.org
lodging and destinations,The Inn At Langley,lodging,Inns,https://innatlangley.com
lodging and destinations,The Quintessa,lodging,,https://www.thequintessa.com
lodging and destinations,The Whidbey Wayfarer,event spaces,weddings,https://whidbeyislandwedding.com/Home.html
lodging and destinations,Whidbey Event Rentals,event spaces,event supplies (rentals),https://whidbeyeventrentals.com
lodging and destinations,Whidbey Island Bed And Breakfast,lodging,bed and breakfast,https://www.whidbeybandb.com
lodging and destinations,Wifire,event spaces,event spaces,https://www.facebook.com/WiFireCommunity/
retail & services,A Place To Put It,retail,self storage,http://aplace2putit.com
retail & services,Abott Property,real estate,realtor,https://whidbeyislandsouthoffice.johnlscott.com/home
retail & services,All Island Storage - Freeland,retail,self storage,https://allislandstorage.com/storage-locations/freeland-storage-units/
retail & services,Alla-Mano Creations,retail,handmade jewelry,https://foamywader.com
retail & services,Artisancrafted.Com,retail,housewares artisan crafted,http://artisancrafted.com
retail & services,Bayview F & G,retail,gardening,https://www.bayviewgarden.com
retail & services,Bayview Farmer'S Market Association (Llc),retail,farm,https://www.bayviewfarmersmarket.com
retail & services,Birch Label,retail,sticker manu,https://birch-label.business.site
retail & services,Blue Peony,retail,gifts,https://thebluepeony.com
retail & services,Blue Sound Music L.L.C.,retail,musical instruments,https://www.bluesoundmusic.com
retail & services,Brazen Dobermans,retail,dog breeder,https://brazendobermans.com
retail & services,Building Source,retail,residential design,https://www.buildingsourceinc.com
retail & services,"Camano Plaza Gas & Lube, L.L.C.",retail,gas,https://www.exxon.com/en/find-station/mobil-clinton-wa-naomis-200321356?utm_source=google&utm_medium=organic&utm_campaign=gmb
retail & services,Casa Group Corporation,real estate,realtor,https://whidbeyislandsouthoffice.johnlscott.com/home
retail & services,Cascadia Meadows,wedding venue,wedding venue,https://www.cascadiameadows.com
retail & services,"Casey'S Crafts, L.L.C.",retail,crafts,https://caseyscrafts.net
retail & services,Cheryl Keefe Real Estate Inc,real estate,realtor,https://cherylk.johnlscott.com/home
retail & services,Classic Shine Auto Detailing,automotive,auto detailing,https://www.classicshineautodetail.com
retail & services,Clm Mosolino,real estate,realtor,https://mosolino.mywindermere.com
retail & services,Contemporary Classics Of Washington,automotive,classic cars,http://www.contemporaryclassicsofwa.com
retail & services,Cook On Clay,retail,online clay cookware,https://www.cookonclay.com
retail & services,Cooper Auto Sales,automotive,"for sale, rent",https://www.cooperauto.com
retail & services,Craven Insurance,automotive,insurance,https://www.craveninsurance.com
retail & services,Cribbageboard.Com,retail,cribbage boards,http://www.cribbageboard.com
retail & services,Critters Pet Rescue Foundation,retail,pet supplies,https://www.whidbeycritters.com/
retail & services,Dalton Realty,real estate,realtor,https://daltonrealtyinc.com
retail & services,Dana Macinnis Real Estate Services,real estate,realtor,https://danam.johnlscott.com/home
retail & services,Dana On Whidbey L.L.C.,real estate,realtor,https://danaonwhidbey.com
retail & services,Ddml Cuisine,wedding venue,wedding venue,https://fireseedcatering.com
retail & services,Ddp Properties,retail,self storage,https://www.southwhidbeyselfstorage.com
retail & services,Earth 2 Art,retail,handcrafted stone art,https://www.earth2artstudio.com
retail & services,Edit.,retail,clothing,https://www.editwhidbey.com
retail & services,Elm Design,retail,candles,https://elmdesigncandles.com
retail & services,Enso House,senior services end of life care,senior services end of life care,https://ensohouse.org
retail & services,Enso House,senior services end of life care,senior services end of life care,https://ensohouse.org
retail & services,Fair Trade Outfitters,retail,clothing,https://www.facebook.com/FairTradeOutfitters/
retail & services,Family Rent-A-Car,automotive,car rental,https://www.whidbeyislandrentalcars.com
retail & services,Firehouse Studio,retail,glassworks,https://callahansfirehouse.com
retail & services,Flying Bear,retail,florist,https://www.flyingbearfarm.com
retail & services,Golden Ginkgo Studio,retail,porcelain serving bowls,https://wildlybelovedfoods.com/collections/golden-ginkgo-studio-by-jane-fung
retail & services,Grayhorse Mercantile Corporation,retail,"specialty foods, home goods",https://www.grayhorsemercantile.com
retail & services,Greenbank Pantry,retail,deli,https://www.greenbankstore.com/pantry
retail & services,Hanson'S Building Supply,retail,hardware and lumber,https://www.hansonsbuildingsupply.com
retail & services,Hart Real Estate Services,real estate,realtor,https://jessicahartrealtor.com
retail & services,Imberys Flowers By The Bay,retail,flowers and delivery,https://www.flowersbythebay.biz/#
retail & services,Island Auction,retail,auctions,https://www.islandauctionllc.com
retail & services,Island Herb Merch,retail,cannabis,https://whidbeyislandherb.com
retail & services,Js Island Real Estate,real estate,realtor,https://www.windermere.com/directory/agents/jim-tomisser
retail & services,Light Hiking Gear,retail,hiking supplies,https://lighthikinggear.com
retail & services,Lipetz Co.,real estate,realtor,https://www.compass.com/agents/jan-lipetz/
retail & services,Little Bean'S Toy Chest,retail,handmade children's gifts,https://www.littlebeanstoychest.com
retail & services,Local Building Source,retail,building supplies - cabinetry,https://www.buildingsourceinc.com
retail & services,Madrona Supply Co,retail,screen printed home goods and apparel,https://www.madronasupplyco.com
retail & services,Music For The Eyes Ltd,retail,antique and oriental rugs,https://www.musicfortheeyes.com
retail & services,On Your Behalf,senior services elder care,senior services elder care,http://www.on-your-behalf.com
retail & services,Quicksilver Properties,travel airport,travel airport,https://whidbeyairpark.com/visit.html
retail & services,Right Start Inspection Services,real estate,home inspections,https://rightstartis.com
retail & services,Rippling Wildflower,retail,jewelry handmade,https://ripplingwildflower.com
retail & services,Seaglass Cove,retail,home decor art and gifts,https://www.seaglasslangley.com
retail & services,Senior Services Of Island County Public Benefit,senior services,senior services,https://senior-resources.org
retail & services,Simmons Garage,automotive,auto repair,https://www.theshopatsimmonsgarage.com
retail & services,Simmons Towing Inc,automotive,towing,https://www.simmonstowinginc.com
retail & services,Sound Business Center,retail,copy center office supply,https://www.sbccopycenter.com
retail & services,Sound Support & Solutions,computer help mac & iphone,computer help mac & iphone,https://soundsupport.biz
retail & services,South Whidbey At Home,senior services helping at home,senior services helping at home,https://swathome.clubexpress.com
retail & services,South Whidbey Real Estate Services,real estate,broker,https://southwhidbeyrealestate.com
retail & services,Stillfire Pottery,retail,housewares hand crafted porcelain bowls,https://stillfirepottery.com
retail & services,Sugarpill,retail,apothecary,https://sugarpillseattle.com
retail & services,Suzanne Leisher Realty,real estate,realtor,https://suzanne-leisher.kw.com
retail & services,The Healthy Pet,retail,pet store,https://frommfamily.com/r/5523
retail & services,The Star Store,retail,groceries,https://whidbeycamanoislands.com/activities/star-store/
retail & services,Tim Criswell,real estate,realtor,https://sellingwhidbey.com
retail & services,Tinyblue Foundation,private observatory,private observatory,http://www.tinyblue.com
retail & services,Turnco Wood Products,retail,housewares fine wood goods,https://www.turncowoodgoods.com
retail & services,Unknown,tourism,tourism,https://experiencewhidbey.com
retail & services,Upsy Daisy,retail,antique mall,https://shop.redroosterantiquemall.com
retail & services,Venture Out Corp.,retail,nursery,https://www.ventureoutnursery.com/
retail & services,Walden Lane Gourmet,retail,fine Italian cooking ingredients,https://www.waldenlanegourmet.com
retail & services,Wandering Rabbit Creations,gifts,,https://www.instagram.com/wandering_rabbit_creations/
retail & services,Waterman Enterprises,retail,self storage,http://watermanselfstorageinfo.com
retail & services,Webbs Department Store,retail,department store,https://whidbeycamanoislands.com/activities/webbs-department-store/
retail & services,Whidbey Cycle Wrx,automotive,motorcycle repair,https://whidbeycyclewrx.com
retail & services,Whidbey Island Alpacas,retail,yarn,https://www.pronkinpastures.com
retail & services,Whidbey Island Cannabis Company Culture2,retail,cannabis,http://www.whidbeyislandcannabisco.com
retail & services,Whidbey Millhouse2,retail,lumber,https://www.whidbeymillhouse.com
retail & services,Whidbey Moments,"gifts, decor",photo art and crafts,https://whidbeymoments.com
retail & services,Whidbey Telephone Company,phone service,phone service,https://www.whidbeytel.com
retail & services,Whidbey'S Topsoil,retail,"soil, bark, gravel, firewood",https://whidbeystopsoil.com/index.html
retail & services,Whidbeytronics,retail,electronics,https://www.facebook.com/profile.php?id=100065628186609
retail & services,Windy Indigo Farm And Fiber2,retail,"wool, small batch",https://windyindigo.com
retail & services,Wizard Woodworks,retail,handmade wooden toys,https://stores.wizardwoodworks.com
retail & services,Wright Travel,travel travel agent,travel travel agent,https://www.wrighttravel.com
retail & services,Youthbio Therapeutics,research gene therapy,research gene therapy,https://youthbiotx.com
clubs and causes,Kids First - Island County,youth,Helping children in foster care,https://kidsfirst-ic.org
health & wellness,Ricard Ennis - Rolfing,Certified Advanced Rolfer,"Nerve Mobilization, Scar Treatment and Cold Laser Therapy",http://richennisrolfing.com/RichEnnisRolfing/Intro.html